-- phpMyAdmin SQL Dump
-- version 5.0.2
-- https://www.phpmyadmin.net/
--
-- Host: 127.0.0.1:3306
-- Generation Time: Jan 09, 2022 at 08:30 PM
-- Server version: 5.7.31
-- PHP Version: 7.3.21

SET SQL_MODE = "NO_AUTO_VALUE_ON_ZERO";
START TRANSACTION;
SET time_zone = "+00:00";


/*!40101 SET @OLD_CHARACTER_SET_CLIENT=@@CHARACTER_SET_CLIENT */;
/*!40101 SET @OLD_CHARACTER_SET_RESULTS=@@CHARACTER_SET_RESULTS */;
/*!40101 SET @OLD_COLLATION_CONNECTION=@@COLLATION_CONNECTION */;
/*!40101 SET NAMES utf8mb4 */;

--
-- Database: `library`
--

-- --------------------------------------------------------

--
-- Table structure for table `admin`
--
create database library;
  use library;

DROP TABLE IF EXISTS `admin`;
CREATE TABLE IF NOT EXISTS `admin` (
  `aid` int(11) NOT NULL,
  `email` varchar(50) DEFAULT NULL,
  `password` varchar(500) DEFAULT NULL,
  PRIMARY KEY (`aid`)
) ENGINE=MyISAM DEFAULT CHARSET=latin1;

--
-- Dumping data for table `admin`
--

INSERT INTO `admin` (`aid`, `email`, `password`) VALUES
(1, 'gowthamraghunathan@gmail.com', '81dc9bdb52d04dc20036dbd8313ed055');

-- --------------------------------------------------------

--
-- Table structure for table `bookacc`
--

DROP TABLE IF EXISTS `bookacc`;
CREATE TABLE IF NOT EXISTS `bookacc` (
  `bcid` int(11) NOT NULL AUTO_INCREMENT,
  `accno` varchar(10) DEFAULT NULL,
  `bfid` int(11) DEFAULT NULL,
  `isissued` varchar(3) DEFAULT 'no',
  `volume` varchar(50) DEFAULT NULL,
  PRIMARY KEY (`bcid`),
  UNIQUE KEY `accno` (`accno`),
  KEY `bfid` (`bfid`)
) ENGINE=InnoDB AUTO_INCREMENT=953 DEFAULT CHARSET=latin1;

--
-- Dumping data for table `bookacc`
--

INSERT INTO `bookacc` (`bcid`, `accno`, `bfid`, `isissued`, `volume`) VALUES
(1, 'SFA-1', 1, 'no', '8th'),
(2, 'SFA-4', 2, 'no', ''),
(3, 'SFA-6', 3, 'no', '15th'),
(4, 'SFA-7', 4, 'no', '1st & 2nd'),
(5, 'SFA-8', 5, 'no', '13th'),
(6, 'SFA-15', 6, 'no', '16th'),
(7, 'SFA-17', 7, 'no', '5th'),
(8, 'SFA-18', 8, 'no', '1st /6th'),
(9, 'SFA-407', 9, 'no', '5th'),
(10, 'SFA-447', 10, 'no', '1st'),
(11, 'SFA 582', 11, 'no', '11-01-1900'),
(12, 'SFA 583', 11, 'no', '11-01-1900'),
(13, 'SFA 584', 12, 'no', '25-01-1900'),
(14, 'SFA 585', 12, 'no', '25-01-1900'),
(15, 'SFA 586', 12, 'no', '25-01-1900'),
(16, 'SFA 587', 12, 'no', '25-01-1900'),
(17, 'SFA 588', 12, 'no', '25-01-1900'),
(18, 'SFA 589', 13, 'no', '03-01-1900'),
(19, 'SFA 590', 14, 'no', '-'),
(20, 'SFA 591', 14, 'no', '-'),
(21, 'SFA 592', 14, 'no', '-'),
(22, 'SFA 593', 15, 'no', '06-01-1900'),
(23, 'SFA 594', 15, 'no', '06-01-1900'),
(24, 'SFA 595', 16, 'no', '06-01-1900'),
(25, 'SFA 596', 16, 'no', '06-01-1900'),
(26, 'SFA-659', 17, 'no', ''),
(27, 'SFA-660', 17, 'no', ''),
(28, 'SFA-661', 18, 'no', ''),
(29, 'SFA-662', 18, 'no', ''),
(30, 'SFA-663', 18, 'no', ''),
(31, 'SFA-667', 19, 'no', ''),
(32, 'SFA-668', 19, 'no', ''),
(33, 'SFA-669', 19, 'no', ''),
(34, 'SFA-670', 20, 'no', 'Vol. 1'),
(35, 'SFA-671', 20, 'no', 'Vol. 1'),
(36, 'SFA-672', 20, 'no', 'Vol. 1'),
(37, 'SFA - 673', 21, 'no', '4th Edition'),
(38, 'SFA - 674', 21, 'no', '4th Edition'),
(39, 'SFA - 675', 21, 'no', '4th Edition'),
(40, 'SFA - 676', 21, 'no', '4th Edition'),
(41, 'SFA -677', 22, 'no', ''),
(42, 'SFA -678', 22, 'no', ''),
(43, 'SFA -679', 22, 'no', ''),
(44, 'SFA -680', 23, 'no', ''),
(45, 'SFA - 681', 23, 'no', ''),
(46, 'SFA - 682', 24, 'no', 'Vol. 2'),
(47, 'SFA-683', 25, 'no', ''),
(48, 'SFA-684', 25, 'no', ''),
(49, 'SFA-685', 26, 'no', ''),
(50, 'SFA- 690', 27, 'no', '6th Edition'),
(51, 'SFA - 691', 27, 'no', '6th Edition'),
(52, 'SFA- 692', 27, 'no', '6th Edition'),
(53, 'SFA-693', 28, 'no', 'Vol. 2'),
(54, 'SFA-694', 28, 'no', 'Vol. 2'),
(55, 'SFA- 695', 28, 'no', 'Vol. 2'),
(56, 'SFA-698', 29, 'no', '5th'),
(57, 'SFA-699', 30, 'no', '6th'),
(58, 'SFA-2', 31, 'no', '2nd'),
(59, 'SFA-3', 32, 'no', '13th '),
(60, 'SFA-5', 33, 'no', '3rd'),
(61, 'SFA-9', 34, 'no', '8th '),
(62, 'SFA-10', 34, 'no', '8th '),
(63, 'SFA-11', 35, 'no', '3rd'),
(64, 'SFA-12', 35, 'no', '3rd'),
(65, 'SFA-13', 35, 'no', '3rd'),
(66, 'SFA-14', 35, 'no', '3rd'),
(67, 'SFA-16', 36, 'no', '3rd'),
(68, 'SFA-416', 37, 'no', ''),
(69, 'SFA-417', 38, 'no', ''),
(70, 'SFA-418', 38, 'no', ''),
(71, 'SFA-429', 39, 'no', ''),
(72, 'SFA-479', 40, 'no', '25'),
(73, 'SFA-480', 40, 'no', '25'),
(74, 'SFA -481', 40, 'no', '25'),
(75, 'SFA- 482', 40, 'no', '25'),
(76, 'SFA- 483', 40, 'no', '25'),
(77, 'SFA-488', 41, 'no', '19th'),
(78, 'SFA-489', 41, 'no', '19th'),
(79, 'SFA-490', 41, 'no', '19th'),
(80, 'SFA-491', 41, 'no', '19th'),
(81, 'SFA-492', 42, 'no', '11th'),
(82, 'SFA-493', 42, 'no', '11th'),
(83, 'SFA-494', 42, 'no', '11th'),
(84, 'SFA-495', 42, 'no', '11th'),
(85, 'SFA-496', 42, 'no', '11th'),
(86, 'SFA-504', 43, 'no', ''),
(87, 'SFA -505', 43, 'no', ''),
(88, 'SFA -506', 43, 'no', ''),
(89, 'SFA -507', 43, 'no', ''),
(90, 'SFA -508', 43, 'no', ''),
(91, 'SFA- 525', 44, 'no', '12th'),
(92, 'SFA- 526', 44, 'no', '12th'),
(93, 'SFA- 527', 44, 'no', '12th'),
(94, 'SFA- 528', 44, 'no', '12th'),
(95, 'SFA -529', 45, 'no', '10th '),
(96, 'SFA -530', 45, 'no', '10th '),
(97, 'SFA -531', 45, 'no', '10th '),
(98, 'SFA- 532', 45, 'no', '10th '),
(99, 'SFA - 533', 46, 'no', ''),
(100, 'SFA - 534', 46, 'no', ''),
(101, 'SFA-535', 47, 'no', '6th'),
(102, 'SFA-536', 47, 'no', '6th'),
(103, 'SFA-537', 47, 'no', '6th'),
(104, 'SFA-538', 47, 'no', '6th'),
(105, 'SFA-539', 47, 'no', '6th'),
(106, 'SFA 597', 48, 'no', '5'),
(107, 'SFA 598', 48, 'no', '5'),
(108, 'SFA 599', 48, 'no', '5'),
(109, 'SFA 600', 48, 'no', '5'),
(110, 'SFA 601', 49, 'no', '4'),
(111, 'SFA 602', 49, 'no', '4'),
(112, 'SFA 603', 49, 'no', '4'),
(113, 'SFA 604', 49, 'no', '4'),
(114, 'SFA -636', 50, 'no', '46th E'),
(115, 'SFA-710', 51, 'no', '1st E'),
(116, 'SFA-711 ', 52, 'no', '6th E'),
(117, 'SFA-19', 53, 'no', '4th'),
(118, 'SFA-20', 53, 'no', '4th'),
(119, 'SFA-21', 53, 'no', '4th'),
(120, 'SFA-22', 53, 'no', '4th'),
(121, 'SFA-23', 53, 'no', '4th'),
(122, 'SFA-24', 53, 'no', '4th'),
(123, 'SFA-31', 54, 'no', '7th'),
(124, 'SFA-406', 55, 'no', '2nd'),
(125, 'SFA-431', 56, 'no', '10'),
(126, 'SFA-547', 57, 'no', '3rd'),
(127, 'SFA-548', 57, 'no', '3rd'),
(128, 'SFA-549', 57, 'no', '3rd'),
(129, 'SFA-550', 57, 'no', '3rd'),
(130, 'SFA-551', 57, 'no', '3rd'),
(131, 'SFA-552', 57, 'no', '3rd'),
(132, 'SFA-751', 58, 'no', '14th '),
(133, 'SFA-752', 58, 'no', '14th '),
(134, 'SFA-753', 58, 'no', '14th '),
(135, 'SFA-754', 58, 'no', '14th '),
(136, 'SFA-755', 58, 'no', '14th '),
(137, 'SFA-756', 59, 'no', '4th'),
(138, 'SFA-757', 59, 'no', '4th'),
(139, 'SFA-758', 59, 'no', '4th'),
(140, 'SFA-759', 59, 'no', '4th'),
(141, 'SFA-765', 60, 'no', '1st'),
(142, 'SFA-766', 60, 'no', '1st'),
(143, 'SFA-767', 61, 'no', '3rd'),
(144, 'SFA-768', 61, 'no', '3rd'),
(145, 'SFA-769', 61, 'no', '3rd'),
(146, 'SFA-770', 62, 'no', '1st'),
(147, 'SFA-771', 62, 'no', '1st'),
(148, 'SFA-772', 62, 'no', '1st'),
(149, 'SFA-773', 63, 'no', ''),
(150, 'SFA-277', 64, 'no', '6th'),
(151, 'SFA-278', 65, 'no', '7th'),
(152, 'SFA-279', 66, 'no', ''),
(153, 'SFA-280', 66, 'no', ''),
(154, 'SFA-281', 67, 'no', ''),
(155, 'SFA-282', 68, 'no', '2nd'),
(156, 'SF-284', 69, 'no', '7th'),
(157, 'SFA-285', 70, 'no', '7th'),
(158, 'SFA-747', 71, 'no', '1st'),
(159, 'SFA-748', 72, 'no', '7th'),
(160, 'SFA -33', 89, 'no', '2ND'),
(161, 'SFA -34', 90, 'no', '2ND'),
(162, 'SFA -35', 91, 'no', '3RD'),
(163, 'SFA -36', 92, 'no', '1ST'),
(164, 'SFA -37', 93, 'no', '2ND'),
(165, 'SFA -38', 94, 'no', '1ST'),
(166, 'SFA -39', 95, 'no', '2ND'),
(167, 'SFA -40', 96, 'no', '2007'),
(168, 'SFA -41', 97, 'no', '5TH'),
(169, 'SFA -42', 98, 'no', '14TH'),
(170, 'SFA -43', 99, 'no', '9TH'),
(171, 'SFA -44', 100, 'no', '1ST'),
(172, 'SFA -45', 101, 'no', '1ST'),
(173, 'SFA -46', 102, 'no', '1ST'),
(174, 'SFA -47', 103, 'no', '1ST'),
(175, 'SFA -48', 104, 'no', '1ST'),
(176, 'SFA -49', 105, 'no', '3RD'),
(177, 'SFA -50', 105, 'no', '3RD'),
(178, 'SFA -51', 106, 'no', '6TH'),
(179, 'SFA -52', 106, 'no', '6TH'),
(180, 'SFA -53', 106, 'no', '6TH'),
(181, 'SFA -54', 107, 'no', ''),
(182, 'SFA -55', 108, 'no', '1ST'),
(183, 'SFA -56', 109, 'no', '4TH'),
(184, 'SFA -57', 110, 'no', ''),
(185, 'SFA -400', 111, 'no', '2ND'),
(186, 'SFA -401', 112, 'no', '2ND'),
(187, 'SFA -402', 113, 'no', '1ST'),
(188, 'SFA -403', 114, 'no', ''),
(189, 'SFA -404', 115, 'no', '3RD'),
(190, 'SFA -460', 116, 'no', ''),
(191, 'SFA -461', 117, 'no', '1ST'),
(192, 'SFA-467', 118, 'no', '5th'),
(193, 'SFA-615', 119, 'no', '1st'),
(194, 'SFA-616', 119, 'no', '1st'),
(195, 'SFA-76', 73, 'no', '1ST'),
(196, 'SFA-77', 74, 'no', '1ST'),
(197, 'SFA-78', 74, 'no', '1ST'),
(198, 'SFA-79', 75, 'no', '5TH'),
(199, 'SFA-80', 75, 'no', '6TH'),
(200, 'SFA-81', 75, 'no', '6TH'),
(201, 'SFA-82', 76, 'no', '5TH'),
(202, 'SFA-83', 77, 'no', ''),
(203, 'SFA-85', 78, 'no', '1ST'),
(204, 'SFA-86', 79, 'no', '6TH'),
(205, 'SFA-92', 80, 'no', '6TH'),
(206, 'SFA-93', 81, 'no', '1ST'),
(207, 'SFA-94', 82, 'no', '5TH'),
(208, 'SFA-95', 83, 'no', ''),
(209, 'SFA-99', 84, 'no', '5TH'),
(210, 'SFA-100', 85, 'no', '9TH'),
(211, 'SFA-104', 86, 'no', '2ND'),
(212, 'SFA 459', 87, 'no', '1st'),
(213, 'SFA 605', 88, 'no', '2nd'),
(214, 'SFA 606', 88, 'no', '2nd'),
(215, 'SFA 101', 120, 'no', '2nd'),
(216, 'SFA 102', 121, 'no', '1st'),
(217, 'SFA 276', 122, 'no', ''),
(218, 'SFA 440', 123, 'no', '7th'),
(219, 'SFA 473', 124, 'no', '4th'),
(220, 'SFA 474', 124, 'no', '4th'),
(221, 'SFA 475', 124, 'no', '4th'),
(222, 'SFA 476', 124, 'no', '4th'),
(223, 'SFA-749', 125, 'no', '15th'),
(343, 'SFA-58', 126, 'no', '3RD'),
(344, 'SFA-59', 127, 'no', '9TH'),
(345, 'SFA-60', 128, 'no', '7TH'),
(346, 'SFA-61', 129, 'no', '7TH'),
(347, 'SFA-62', 130, 'no', '6TH'),
(348, 'SFA-63', 131, 'no', ''),
(349, 'SFA-64', 132, 'no', '1ST'),
(350, 'SFA-65', 133, 'no', '2ND'),
(351, 'SFA-66', 134, 'no', '2ND'),
(352, 'SFA-67', 135, 'no', '2ND'),
(353, 'SFA-68', 136, 'no', '4TH'),
(354, 'SFA-69', 137, 'no', '2ND'),
(355, 'SFA-70', 138, 'no', '6TH'),
(356, 'SFA-71', 139, 'no', '1ST'),
(357, 'SFA-72', 140, 'no', '10TH'),
(358, 'SFA-73', 141, 'no', '1ST'),
(359, 'SFA-74', 142, 'no', ''),
(360, 'SFA-75', 142, 'no', ''),
(361, 'SFA-399', 143, 'no', '7TH'),
(362, 'SFA-84', 144, 'no', '16TH'),
(363, 'SFA-87', 145, 'no', '2ND'),
(364, 'SFA-88', 146, 'no', ''),
(365, 'SFA-89', 147, 'no', '1ST'),
(366, 'SFA-90', 148, 'no', '7TH'),
(367, 'SFA-91', 149, 'no', '3RD'),
(368, 'SFA-105', 150, 'no', '1ST'),
(369, 'SFA-106', 151, 'no', '1ST'),
(370, 'SFA-107', 152, 'no', '3RD'),
(371, 'SFA 448', 153, 'no', '1st'),
(372, 'SFA 449', 154, 'no', ''),
(373, 'SFA 477', 155, 'no', ''),
(374, 'SFA 478', 155, 'no', ''),
(375, 'SFA 509', 156, 'no', '1st'),
(376, 'SFA 510', 156, 'no', '1st'),
(377, 'SFA 511', 156, 'no', '1st'),
(378, 'SFA 512', 157, 'no', '3rd'),
(379, 'SFA 513', 157, 'no', '3rd'),
(380, 'SFA 514', 157, 'no', '3rd'),
(381, 'SFA 578', 158, 'no', ''),
(382, 'SFA 579', 158, 'no', ''),
(383, 'SFA 580', 159, 'no', ''),
(384, 'SFA 581', 159, 'no', ''),
(385, 'SFA-110', 160, 'no', '-'),
(386, 'SFA-111', 161, 'no', '1'),
(387, 'SFA-421', 162, 'no', '-'),
(388, 'SFA- 664 A', 163, 'no', ''),
(389, 'SFA- 664 B', 164, 'no', ''),
(390, 'SFA- 664 C', 165, 'no', ''),
(391, 'SFA- 664 D', 166, 'no', ''),
(392, 'SFA- 665 A', 163, 'no', ''),
(393, 'SFA- 665 B', 164, 'no', ''),
(394, 'SFA- 665 C', 165, 'no', ''),
(395, 'SFA- 665 D', 166, 'no', ''),
(396, 'SFA- 666 A', 163, 'no', ''),
(397, 'SFA- 666 B', 164, 'no', ''),
(398, 'SFA- 666 C', 165, 'no', ''),
(399, 'SFA- 666 D', 166, 'no', ''),
(400, 'SFA - 686', 167, 'no', ''),
(401, 'SFA- 687', 167, 'no', ''),
(402, 'SFA-141', 168, 'no', '-'),
(403, 'SFA-142', 169, 'no', '6th'),
(404, 'SFA-379', 170, 'no', '1st'),
(405, 'SFA-380', 171, 'no', '2nd'),
(406, 'SFA-381', 172, 'no', '3rd'),
(407, 'SFA-382', 171, 'no', '7th'),
(408, 'SFA-383', 173, 'no', '5th'),
(409, 'SFA-384', 174, 'no', '5th'),
(410, 'SFA-385', 175, 'no', '2nd'),
(411, 'SFA-386', 176, 'no', '4th'),
(412, 'SFA-387', 177, 'no', '1st'),
(413, 'SFA-388', 178, 'no', '8th'),
(414, 'SFA-389', 179, 'no', '-'),
(415, 'SFA-108', 180, 'no', '-'),
(416, 'SFA-109', 181, 'no', '1'),
(417, 'SFA-112', 182, 'no', '4'),
(418, 'SFA-113', 183, 'no', '2'),
(419, 'SFA-114', 184, 'no', '3'),
(420, 'SFA-115', 185, 'no', '1'),
(421, 'SFA-116', 186, 'no', '3'),
(422, 'SFA-419', 187, 'no', '1'),
(423, 'SFA-420', 188, 'no', '2'),
(424, 'SFA 117', 189, 'no', '2nd'),
(425, 'SFA 118', 190, 'no', ''),
(426, 'SFA 119', 190, 'no', ''),
(427, 'SFA 120', 190, 'no', ''),
(428, 'SFA 121', 190, 'no', ''),
(429, 'SFA 122', 191, 'no', '1st'),
(430, 'SFA 123', 192, 'no', '2nd'),
(431, 'SFA 124', 193, 'no', '2nd'),
(432, 'SFA 125', 194, 'no', '1st'),
(433, 'SFA 126', 195, 'no', '1st'),
(434, 'SFA 127', 196, 'no', '1st'),
(435, 'SFA 128', 197, 'no', '2nd'),
(436, 'SFA 129', 198, 'no', ''),
(437, 'SFA 130', 199, 'no', '1st'),
(438, 'SFA 131', 200, 'no', ''),
(439, 'SFA 132', 201, 'no', '1st'),
(440, 'SFA 140', 202, 'no', ''),
(441, 'SFA 390', 203, 'no', '4th'),
(442, 'SFA 391', 204, 'no', '4th'),
(443, 'SFA 392', 205, 'no', '4th'),
(444, 'SFA 393', 206, 'no', '4th'),
(445, 'SFA 394', 206, 'no', '4th'),
(446, 'SFA 395', 207, 'no', ''),
(447, 'SFA 396', 207, 'no', ''),
(448, 'SFA 397', 208, 'no', '2nd'),
(449, 'SFA 398', 209, 'no', '5th'),
(450, 'SFA 609', 210, 'no', '1st'),
(451, 'SFA 610', 210, 'no', '1st'),
(468, 'SFA-441', 224, 'no', '1'),
(469, 'SFA-466', 225, 'no', '-'),
(470, 'SFA-292', 226, 'no', '-'),
(471, 'SFA-293', 227, 'no', '-'),
(472, 'SFA-294', 227, 'no', '-'),
(473, 'SFA 133', 228, 'no', ''),
(474, 'SFA 286', 229, 'no', '7th'),
(475, 'SFA 287', 230, 'no', ''),
(476, 'SFA 515', 231, 'no', '3'),
(477, 'SFA 516', 231, 'no', '3'),
(478, 'SFA 517', 231, 'no', '3'),
(479, 'SFA 518', 232, 'no', '3'),
(480, 'SFA 519', 232, 'no', '3'),
(481, 'SFA 520', 232, 'no', '3'),
(482, 'SFA 521', 232, 'no', '3'),
(483, 'SFA 522', 232, 'no', '3'),
(484, 'SFA 523', 232, 'no', '3'),
(485, 'SFA 524', 232, 'no', '3'),
(486, 'SFA 572', 233, 'no', '27'),
(487, 'SFA 573', 233, 'no', '27'),
(488, 'SFA 574', 233, 'no', '27'),
(489, 'SFA 575', 233, 'no', '27'),
(490, 'SFA 576', 234, 'no', '27'),
(491, 'SFA 577', 234, 'no', '27'),
(492, 'SFA-295', 235, 'no', '3'),
(493, 'SFA-296', 235, 'no', '3'),
(494, 'SFA-297', 235, 'no', '3'),
(495, 'SFA-298', 235, 'no', '3'),
(496, 'SFA-299', 235, 'no', '3'),
(497, 'SFA-300', 235, 'no', '3'),
(498, 'SFA-445', 236, 'no', '-'),
(499, 'SFA-446', 237, 'no', '4'),
(500, 'SFA 134', 238, 'no', ''),
(501, 'SFA 135', 238, 'no', ''),
(502, 'SFA 291', 239, 'no', ''),
(503, 'SFA 607', 240, 'no', '01-04-1900'),
(504, 'SFA 608', 241, 'no', '5'),
(505, 'SFA 261', 242, 'no', '-'),
(506, 'SFA 262', 243, 'no', '1'),
(507, 'SFA 263', 244, 'no', '-'),
(508, 'SFA 264', 245, 'no', '-'),
(509, 'SFA 265', 246, 'no', '-'),
(510, 'SFA 266', 247, 'no', '19'),
(511, 'SFA 267', 248, 'no', '-'),
(512, 'SFA 268', 248, 'no', '-'),
(513, 'SFA 269', 249, 'no', '5'),
(514, 'SFA 270', 250, 'no', '-'),
(515, 'SFA 271', 251, 'no', '1'),
(516, 'SFA 272', 252, 'no', '1'),
(517, 'SFA 273', 253, 'no', '-'),
(518, 'SFA 274', 254, 'no', '-'),
(519, 'SFA 275', 255, 'no', '-'),
(520, 'SFA 428', 256, 'no', '-'),
(521, 'SFA 462', 257, 'no', '-'),
(522, 'SFA 547', 258, 'no', '7'),
(523, 'SFA 548', 258, 'no', '7'),
(524, 'SFA 549', 258, 'no', '7'),
(525, 'SFA 550', 258, 'no', '7'),
(526, 'SFA 551', 258, 'no', '7'),
(527, 'SFA 552', 258, 'no', '7'),
(528, 'SFA 567', 259, 'no', '-'),
(529, 'SFA 568', 259, 'no', '-'),
(530, 'SFA 250', 260, 'no', '-'),
(531, 'SFA 251', 261, 'no', '2'),
(532, 'SFA 252', 262, 'no', '2'),
(533, 'SFA 253', 263, 'no', '1'),
(534, 'SFA 254', 264, 'no', '-'),
(535, 'SFA 255', 265, 'no', '-'),
(536, 'SFA 256', 265, 'no', '-'),
(537, 'SFA 257', 265, 'no', '-'),
(538, 'SFA 258', 265, 'no', '-'),
(539, 'SFA 259', 265, 'no', '-'),
(540, 'SFA 260', 266, 'no', '-'),
(541, 'SFA 241', 267, 'no', '-'),
(542, 'SFA 242', 268, 'no', '-'),
(543, 'SFA 243', 269, 'no', '-'),
(544, 'SFA 244', 270, 'no', '-'),
(545, 'SFA 245', 271, 'no', '4'),
(546, 'SFA 246', 272, 'no', '1'),
(547, 'SFA 247', 273, 'no', '9'),
(548, 'SFA 248', 274, 'no', '-'),
(549, 'SFA 249', 275, 'no', '-'),
(550, 'SFA 450', 276, 'no', '-'),
(551, 'SFA 232', 277, 'no', ''),
(552, 'SFA 233', 277, 'no', ''),
(553, 'SFA 234', 277, 'no', ''),
(554, 'SFA 235', 278, 'no', ''),
(555, 'SFA 236', 278, 'no', ''),
(556, 'SFA 237', 279, 'no', ''),
(557, 'SFA 238', 279, 'no', ''),
(558, 'SFA 239', 280, 'no', '6'),
(559, 'SFA 240', 280, 'no', '6'),
(560, 'SFA 310', 281, 'no', '5TH'),
(561, 'SFA 311', 282, 'no', '5TH'),
(562, 'SFA 312', 281, 'no', '5TH'),
(563, 'SFA 313', 283, 'no', '3RD'),
(564, 'SFA 314', 284, 'no', '9TH'),
(565, 'SFA 315', 285, 'no', '3RD'),
(566, 'SFA 316', 286, 'no', '8TH'),
(567, 'SFA 317', 286, 'no', '8TH'),
(568, 'SFA 318', 287, 'no', '-'),
(569, 'SFA 319', 288, 'no', '9TH'),
(570, 'SFA 320', 289, 'no', '5TH'),
(571, 'SFA 321', 290, 'no', '8TH'),
(572, 'SFA 322', 291, 'no', '-'),
(573, 'SFA 323', 292, 'no', '1ST'),
(574, 'SFA 324', 293, 'no', '9TH'),
(575, 'SFA 325', 294, 'no', '-'),
(576, 'SFA 326', 295, 'no', '8TH'),
(577, 'SFA 327', 296, 'no', '7TH'),
(578, 'SFA 328', 297, 'no', '-'),
(579, 'SFA 329', 298, 'no', '1ST'),
(580, 'SFA 426', 299, 'no', '-'),
(581, 'SFA 427', 299, 'no', '-'),
(582, 'SFA-136', 300, 'no', '2nd'),
(583, 'SFA-137', 301, 'no', '2nd'),
(584, 'SFA-138', 301, 'no', '2nd'),
(585, 'SFA-139', 302, 'no', '-'),
(587, 'SFA-430', 304, 'no', '-'),
(588, 'SFA-442', 305, 'no', '1st'),
(589, 'SFA 629', 306, 'no', '4 E'),
(590, 'SFA 630', 307, 'no', '4 E'),
(591, 'SFA 631', 308, 'no', '6 E'),
(592, 'SFA 632', 309, 'no', '7 E'),
(593, 'SFA 633', 310, 'no', '1 E'),
(594, 'SFA- 700', 311, 'no', '11 E'),
(595, 'SFA-701', 312, 'no', '4 E'),
(596, 'SFA-702', 313, 'no', '3rd E'),
(597, 'SFA-703', 314, 'no', '17th E'),
(598, 'SFA-429A', 303, 'no', '1st'),
(599, 'SFA-301', 315, 'no', '16th'),
(600, 'SFA-302', 316, 'no', '7th'),
(601, 'SFA-303', 317, 'no', '-'),
(602, 'SFA-304', 318, 'no', '-'),
(603, 'SFA-305', 319, 'no', '5th'),
(604, 'SFA-306', 320, 'no', '6th'),
(605, 'SFA-307', 321, 'no', '1st'),
(606, 'SFA-308', 322, 'no', ''),
(607, 'SFA-309', 323, 'no', '10th'),
(608, 'SFA-376', 324, 'no', '1st'),
(609, 'SFA-377', 325, 'no', ''),
(610, 'SFA-378', 326, 'no', '2nd'),
(611, 'SFA-725', 327, 'no', '10th Edition'),
(612, 'SFA-726', 327, 'no', '10th Edition'),
(613, 'SFA-727', 327, 'no', '10th Edition'),
(614, 'SFA-728', 328, 'no', '5th Edition'),
(615, 'SFA-330', 329, 'no', '1st'),
(616, 'SFA-331', 330, 'no', '1st'),
(617, 'SFA-332', 330, 'no', '1st'),
(618, 'SFA-333', 331, 'no', '1st'),
(619, 'SFA-334', 331, 'no', ''),
(620, 'SFA-335', 332, 'no', ''),
(621, 'SFA-336', 332, 'no', ''),
(622, 'SFA-337', 333, 'no', '1st'),
(623, 'SFA-338', 333, 'no', '1st'),
(624, 'SFA-339', 334, 'no', '15th'),
(625, 'SFA-340', 335, 'no', '1st'),
(626, 'SFA-341', 336, 'no', '6th'),
(627, 'SFA-422', 337, 'no', '-'),
(628, 'SFA-423', 338, 'no', '-'),
(629, 'SFA-424', 339, 'no', '-'),
(630, 'SFA-342', 340, 'no', '15th'),
(631, 'SFA-343', 341, 'no', '3rd'),
(632, 'SFA-344', 342, 'no', '2nd'),
(633, 'SFA-345', 343, 'no', '1st'),
(634, 'SFA-346', 344, 'no', '1st'),
(635, 'SFA-347', 345, 'no', '12th'),
(636, 'SFA-348', 346, 'no', '2nd'),
(637, 'SFA-349', 347, 'no', ''),
(638, 'SFA-350', 348, 'no', '1st'),
(639, 'SFA-351', 349, 'no', ''),
(640, 'SFA-352', 350, 'no', '1st'),
(641, 'SFA-353', 351, 'no', '1st'),
(642, 'DFA-354', 352, 'no', '5th'),
(643, 'SFA 355', 353, 'no', '2ND'),
(644, 'SFA 611', 354, 'no', '3RD'),
(645, 'SFA 612', 354, 'no', '3RD'),
(646, 'SFA 613', 355, 'no', '1ST'),
(647, 'SFA 614', 355, 'no', '1ST'),
(648, 'SFA-27', 356, 'no', '-'),
(649, 'SFA-28', 356, 'no', '-'),
(650, 'SFA-32', 357, 'no', '13'),
(651, 'SFA-283', 358, 'no', '-'),
(652, 'SFA-405', 359, 'no', '11'),
(653, 'SFA-143', 360, 'no', ''),
(654, 'SFA-144', 360, 'no', ''),
(655, 'SFA-145', 361, 'no', ''),
(656, 'SFA-146', 361, 'no', ''),
(657, 'SFA-147', 362, 'no', ''),
(658, 'SFA-148', 363, 'no', ''),
(659, 'SFA-149', 363, 'no', ''),
(660, 'SFA-150', 364, 'no', ''),
(661, 'SFA-151', 365, 'no', ''),
(662, 'SFA-152', 366, 'no', ''),
(663, 'SFA-153', 367, 'no', ''),
(664, 'SFA-154', 368, 'no', ''),
(665, 'SFA-155', 369, 'no', ''),
(666, 'SFA-156', 370, 'no', ''),
(667, 'SFA-157', 371, 'no', ''),
(668, 'SFA-159', 372, 'no', ''),
(669, 'SFA-160', 373, 'no', ''),
(670, 'SFA-161', 374, 'no', ''),
(671, 'SFA-162', 375, 'no', ''),
(672, 'SFA-163', 376, 'no', ''),
(673, 'SFA-164', 377, 'no', ''),
(674, 'SFA-165', 378, 'no', ''),
(675, 'SFA-166', 379, 'no', ''),
(676, 'SFA-167', 380, 'no', ''),
(677, 'SFA-168', 381, 'no', ''),
(678, 'SFA-169', 382, 'no', ''),
(679, 'SFA-170', 383, 'no', ''),
(680, 'SFA-171', 384, 'no', ''),
(681, 'SFA-172', 385, 'no', ''),
(682, 'SFA-173', 386, 'no', ''),
(683, 'SFA-174', 387, 'no', ''),
(684, 'SFA-227', 388, 'no', ''),
(685, 'SFA-425', 388, 'no', ''),
(686, 'SFA 219', 389, 'no', ''),
(687, 'SFA 220', 390, 'no', ''),
(688, 'SFA 221', 391, 'no', ''),
(689, 'SFA 222', 392, 'no', ''),
(690, 'SFA 223', 393, 'no', ''),
(691, 'SFA 224', 394, 'no', ''),
(692, 'SFA 225', 395, 'no', ''),
(700, 'SFA 226', 403, 'no', ''),
(701, 'SFA 227', 404, 'no', ''),
(702, 'SFA 228', 404, 'no', ''),
(703, 'SFA 229', 404, 'no', ''),
(704, 'SFA 230', 405, 'no', ''),
(705, 'SFA 231', 406, 'no', ''),
(706, 'SFA 464', 407, 'no', ''),
(707, 'SFA 465', 408, 'no', ''),
(708, 'SFA-712', 409, 'no', ''),
(709, 'SFA-713', 409, 'no', ''),
(710, 'SFA-714', 410, 'no', ''),
(711, 'SFA-715', 410, 'no', ''),
(712, 'SFA-716', 411, 'no', ''),
(713, 'SFA-717', 411, 'no', ''),
(714, 'SFA- 718', 412, 'no', ''),
(715, 'SFA-719', 413, 'no', ''),
(716, 'SFA-720', 414, 'no', ''),
(717, 'SFA-721', 415, 'no', ''),
(718, 'SFA-722', 416, 'no', ''),
(719, 'SFA-723', 416, 'no', ''),
(720, 'SFA-724', 417, 'no', ''),
(721, 'SFA 219A', 396, 'no', NULL),
(722, 'SFA 220A', 397, 'no', NULL),
(723, 'SFA 221A', 398, 'no', NULL),
(724, 'SFA 222A', 399, 'no', NULL),
(725, 'SFA 223A', 400, 'no', NULL),
(726, 'SFA 224A', 401, 'no', NULL),
(727, 'SFA 225A', 402, 'no', NULL),
(728, 'SFA-432', 418, 'no', ''),
(729, 'SFA-436', 419, 'no', '1st'),
(730, 'SFA-437', 420, 'no', ''),
(731, 'SFA-438', 421, 'no', '1st'),
(732, 'SFA-439', 422, 'no', '5th'),
(733, 'SFA-443', 423, 'no', ''),
(734, 'SFA-444', 424, 'no', '1st'),
(735, 'SFA-553', 425, 'no', ''),
(736, 'SFA-554', 425, 'no', ''),
(737, 'SFA-555', 425, 'no', ''),
(738, 'SFA-556', 426, 'no', ''),
(739, 'SFA-563', 427, 'no', ''),
(740, 'SFA-564', 427, 'no', ''),
(741, 'SFA-565', 428, 'no', ''),
(742, 'SFA-566', 428, 'no', ''),
(743, 'SFA-731', 429, 'no', '1st Edition'),
(744, 'SFA-732', 430, 'no', '1st Edition'),
(745, 'SFA-357', 431, 'no', ''),
(746, 'SFA-358', 432, 'no', ''),
(747, 'SFA-359', 433, 'no', ''),
(748, 'SFA-360', 434, 'no', ''),
(749, 'SFA-361', 435, 'no', ''),
(750, 'SFA-362', 436, 'no', ''),
(751, 'SFA-363', 437, 'no', '7th '),
(752, 'SFA-364', 438, 'no', ''),
(753, 'SFA-365', 439, 'no', '1st'),
(754, 'SFA-366', 440, 'no', '18th '),
(755, 'SFA-367', 441, 'no', '4th '),
(756, 'SFA-368', 442, 'no', '10th '),
(757, 'SFA-369', 443, 'no', '2nd'),
(758, 'SFA-370', 444, 'no', '2nd'),
(759, 'SFA-371', 445, 'no', '1st'),
(760, 'SFA-372', 446, 'no', ''),
(761, 'SFA-373', 447, 'no', '4th '),
(762, 'SFA-374', 448, 'no', '1st '),
(763, 'SFA-375', 449, 'no', '2nd '),
(764, 'SFA-469', 450, 'no', ''),
(765, 'SFA-451', 451, 'no', ''),
(766, 'SFA-452', 452, 'no', ''),
(767, 'SFA-453', 453, 'no', '3rd'),
(768, 'SFA-454', 454, 'no', ''),
(769, 'SFA-455', 455, 'no', '1st'),
(770, 'SFA-456', 456, 'no', '1st'),
(771, 'SFA-457', 457, 'no', '1st'),
(772, 'SFA-458', 458, 'no', '1st'),
(773, 'SFA-466A', 459, 'no', NULL),
(774, 'SFA-356', 460, 'no', ''),
(775, 'SFA-729', 461, 'no', 'nil'),
(776, 'SFA-730', 462, 'no', 'nil'),
(777, 'SFA-408', 463, 'no', '2nd'),
(778, 'SFA-409', 464, 'no', '3rd '),
(779, 'SFA-410', 464, 'no', '3rd '),
(780, 'SFA-411', 465, 'no', ''),
(781, 'SFA-412', 466, 'no', '7th '),
(782, 'SFA-413', 467, 'no', '1st'),
(783, 'SFA-414', 468, 'no', '4th '),
(784, 'SFA-415', 469, 'no', '4th '),
(785, 'SFA-442A', 470, 'no', NULL),
(786, 'SFA-433', 471, 'no', ''),
(787, 'SFA-434', 472, 'no', ''),
(788, 'SFA-435', 473, 'no', '1st '),
(789, 'SFA-557', 474, 'no', '22nd '),
(790, 'SFA-558', 474, 'no', '22nd '),
(791, 'SFA-559', 474, 'no', '22nd '),
(792, 'SFA-560', 474, 'no', '22nd '),
(793, 'SFA-561', 475, 'no', ''),
(794, 'SFA-562', 475, 'no', ''),
(795, 'SFA-750', 476, 'no', '22nd'),
(796, 'SFA-468', 477, 'no', '2nd '),
(798, 'SFA-470', 478, 'no', '4th '),
(799, 'SFA-471', 478, 'no', '4th '),
(800, 'SFA-472', 478, 'no', '4th '),
(801, 'SFA 617', 479, 'no', '1st'),
(802, 'SFA 618', 479, 'no', '1st'),
(803, 'SFA 619', 480, 'no', '4th '),
(804, 'SFA 620', 480, 'no', '4th '),
(805, 'SFA 621', 481, 'no', '1st'),
(806, 'SFA 622', 481, 'no', '1st'),
(807, 'SFA 623', 482, 'no', '1st'),
(808, 'SFA 624', 482, 'no', '1st'),
(809, 'SFA 625', 483, 'no', '2nd'),
(810, 'SFA 626', 483, 'no', '2nd'),
(811, 'SFA- 688', 484, 'no', '4th Edition'),
(812, 'SFA - 689', 484, 'no', '4th Edition'),
(813, 'SFA-469A', 478, 'no', NULL),
(814, 'SFA 175', 485, 'no', '5th'),
(815, 'SFA 176', 486, 'no', '9th'),
(816, 'SFA 177', 487, 'no', '3rd'),
(817, 'SFA 178', 488, 'no', ''),
(818, 'SFA 179', 488, 'no', ''),
(819, 'SFA 180', 488, 'no', ''),
(820, 'SFA 181', 489, 'no', ''),
(821, 'SFA 182', 490, 'no', ''),
(822, 'SFA 183', 491, 'no', '2nd'),
(823, 'SFA 184', 492, 'no', '2nd'),
(824, 'SFA 185', 493, 'no', '7th'),
(825, 'SFA 186', 494, 'no', '12th'),
(826, 'SFA 188', 495, 'no', '2nd'),
(827, 'SFA 189', 496, 'no', '11th'),
(828, 'SFA 190', 497, 'no', '10th'),
(829, 'SFA 463', 498, 'no', ''),
(830, 'SFA 497', 499, 'no', '11th'),
(831, 'SFA 498', 499, 'no', '11th'),
(832, 'SFA 499', 499, 'no', '11th'),
(833, 'SFA 500', 500, 'no', '8th'),
(834, 'SFA 501', 500, 'no', '8th'),
(835, 'SFA 502', 500, 'no', '8th'),
(836, 'SFA 503', 500, 'no', '8th'),
(838, 'SFA 569', 501, 'no', ''),
(839, 'SFA 570', 501, 'no', ''),
(840, 'SFA 571', 501, 'no', ''),
(841, 'SFA-696', 502, 'no', '8th'),
(842, 'SFA-697', 503, 'no', '11th'),
(843, 'SFA-760', 504, 'no', '10th'),
(844, 'SFA-761', 504, 'no', '10th'),
(845, 'SFA-762', 504, 'no', '10th'),
(846, 'SFA-763', 504, 'no', '10th'),
(847, 'SFA-764', 504, 'no', '10th'),
(848, 'SFA 187', 505, 'no', ''),
(849, 'SFA 568A', 501, 'no', NULL),
(850, 'SFA 191', 506, 'no', ''),
(851, 'SFA 192', 507, 'no', '3rd'),
(852, 'SFA 193', 508, 'no', '2nd'),
(853, 'SFA 194', 508, 'no', '2nd'),
(854, 'SFA 195', 509, 'no', '2nd'),
(855, 'SFA 196', 509, 'no', '2nd'),
(856, 'SFA 197', 509, 'no', '2nd'),
(857, 'SFA 198', 510, 'no', '2nd'),
(858, 'SFA 199', 509, 'no', '2nd'),
(859, 'SFA 200', 511, 'no', ''),
(860, 'SFA 201', 512, 'no', '6th'),
(861, 'SFA 202', 513, 'no', '1st'),
(862, 'SFA 203', 514, 'no', ''),
(863, 'SFA 204', 514, 'no', ''),
(864, 'SFA 205', 514, 'no', ''),
(865, 'SFA 637', 515, 'no', '5th Edition'),
(866, 'SFA 638', 515, 'no', '5th Edition'),
(867, 'SFA-639', 516, 'no', '2nd Edition'),
(868, 'SFA-640', 516, 'no', '2nd Edition'),
(869, 'SFA-641', 517, 'no', '2nd Edition'),
(870, 'SFA- 642', 517, 'no', '2nd Edition'),
(871, 'SFA-643', 517, 'no', '2nd Edition'),
(872, 'SFA-644', 518, 'no', '7th Edition'),
(873, 'SFA-645', 518, 'no', '7th Edition'),
(874, 'SFA-646', 518, 'no', '7th Edition'),
(875, 'SFA-647', 519, 'no', '4th  edition'),
(876, 'SFA-648', 519, 'no', '4th  edition'),
(877, 'SFA-649', 520, 'no', '3rd Edition'),
(878, 'SFA-650', 520, 'no', '3rd Edition'),
(879, 'SFA-651', 521, 'no', '2nd Edition'),
(880, 'SFA- 652', 521, 'no', '2nd Edition'),
(881, 'SFA-653', 522, 'no', '9th Edition'),
(882, 'SFA-654', 522, 'no', '9th Edition'),
(883, 'SFA-655', 523, 'no', '19th Edition'),
(884, 'SFA-656', 523, 'no', '19th Edition'),
(885, 'SFA-657', 524, 'no', '2nd Edition'),
(886, 'SFA 206', 525, 'no', ''),
(887, 'SFA 207', 526, 'no', '6th'),
(888, 'SFA 208', 527, 'no', '6th'),
(889, 'SFA 209', 528, 'no', '17th'),
(890, 'SFA 210', 528, 'no', '17th'),
(891, 'SFA 211', 529, 'no', ''),
(892, 'SFA 212', 529, 'no', ''),
(893, 'SFA 213', 530, 'no', ''),
(894, 'SFA 214', 531, 'no', '8th'),
(895, 'SFA 215', 532, 'no', ''),
(896, 'SFA 216', 533, 'no', ''),
(897, 'SFA 217', 534, 'no', '4th'),
(898, 'SFA 218', 535, 'no', '19th'),
(899, 'SFA 627', 536, 'no', ''),
(900, 'SFA 628', 536, 'no', ''),
(901, 'SFA- 704', 537, 'no', '7 E'),
(902, 'SFA-705', 538, 'no', '5 E'),
(903, 'SFA-706', 539, 'no', '1 E'),
(904, 'SFA-707', 540, 'no', '6 E'),
(905, 'SFA-708', 541, 'no', '6 E'),
(906, 'SFA-709', 542, 'no', '5E '),
(907, 'SFA-733', 543, 'no', '1st Edition'),
(908, 'SFA-734', 544, 'no', '4th Edition'),
(909, 'SFA-735', 544, 'no', '4th Edition'),
(910, 'SFA-736', 545, 'no', '2nd Edition'),
(911, 'SFA-737', 545, 'no', '2nd Edition'),
(912, 'SFA-738', 546, 'no', '2nd Edition'),
(913, 'SFA-739', 546, 'no', '2nd Edition'),
(914, 'SFA-740', 547, 'no', '4th Edition'),
(915, 'SFA-741', 547, 'no', '4th Edition'),
(916, 'SFA-742', 548, 'no', '2nd Edition'),
(917, 'SFA-743', 549, 'no', '28th Edition'),
(918, 'SFA-744', 550, 'no', '8th'),
(919, 'SFA-745', 551, 'no', '3rd'),
(920, 'SFA-746', 552, 'no', '6th'),
(937, 'SFA 129A', 553, 'no', ''),
(938, 'SFA 130A', 554, 'no', '1st'),
(939, 'SFA 131A', 555, 'no', ''),
(940, 'SFA 132A', 556, 'no', '1st'),
(941, 'SFA 140A', 557, 'no', ''),
(942, 'SFA 390A', 558, 'no', '4th'),
(943, 'SFA 391A', 559, 'no', '4th'),
(944, 'SFA 392A', 560, 'no', '4th'),
(945, 'SFA 393A', 561, 'no', '4th'),
(946, 'SFA 394A', 561, 'no', '4th'),
(947, 'SFA 395A', 562, 'no', ''),
(948, 'SFA 396A', 562, 'no', ''),
(949, 'SFA 397A', 563, 'no', '2nd'),
(950, 'SFA 398A', 564, 'no', '5th'),
(951, 'SFA 609A', 565, 'no', '1st'),
(952, 'SFA 610A', 565, 'no', '1st');

-- --------------------------------------------------------

--
-- Table structure for table `books`
--

DROP TABLE IF EXISTS `books`;
CREATE TABLE IF NOT EXISTS `books` (
  `bid` int(11) NOT NULL AUTO_INCREMENT,
  `subid` int(11) DEFAULT NULL,
  `dateofacc` varchar(100) DEFAULT NULL,
  `author` varchar(300) DEFAULT NULL,
  `title` varchar(300) NOT NULL,
  `publisher` varchar(100) DEFAULT NULL,
  `year` varchar(20) DEFAULT NULL,
  `nopages` varchar(30) DEFAULT NULL,
  `price` varchar(100) DEFAULT NULL,
  `shelfno` int(11) DEFAULT NULL,
  PRIMARY KEY (`bid`),
  KEY `subid` (`subid`)
) ENGINE=InnoDB AUTO_INCREMENT=576 DEFAULT CHARSET=latin1;

--
-- Dumping data for table `books`
--

INSERT INTO `books` (`bid`, `subid`, `dateofacc`, `author`, `title`, `publisher`, `year`, `nopages`, `price`, `shelfno`) VALUES
(1, 1, '2022/01/09', 'S.N Maheshwari  & S.K Maheshwari', 'Advanced Acountancy', 'Vikas Publishing House Ltd Delhi', '2000', '3.215', '250', NULL),
(2, 1, '2022/01/09', 'Nirmal Gupta & Chhavi Sharma', 'Corporate Accounting', 'Ann Books India , New Delhi', '2008', '701', '270', NULL),
(3, 1, '2022/01/09', 'M C Shukla, S.C Guptha &Grewal', 'Advanced Accounts', 'Chand Publications, New Delhi', '2002', '328', '525', NULL),
(4, 1, '2022/01/09', 'Mukherjee &M. Hanif', 'Modern Accountancy', 'Tata Mcgrow Hill Publishing Company Ltd, New Delhi', '2001', '37.74', '500', NULL),
(5, 1, '2022/01/09', 'R.L Gupta & M Radhaswamy', 'Advanced Accounting', 'Sulthan, Chand &Co, New Delhi', '2015', '', '595', NULL),
(6, 1, '2022/01/09', 'D.S Rawath', 'Students Guide To Accounting Standard', 'Taxmann , New Delhi', '2010', '681', '415', NULL),
(7, 1, '2022/01/09', 'S.N Maheshwari &Suneel Maheshwari', 'Financial Accounting', 'Vikas Publications House Ltd Delhi', '2014', '498', '595', NULL),
(8, 1, '2022/01/09', 'S.N Maheshwari &Suneel Maheshwari', 'Problems And Solutions In Advanced Accountancy', 'Vikas Publishing House Ltd Delhi', '2014', '3.294', '470', NULL),
(9, 1, '2022/01/09', 'K K Tomy', 'Computerized Accounting Tally', 'Prakash Publications', '2016', '215', '130', NULL),
(10, 1, '2022/01/09', '', 'Fundamentals Of Financial Accounting', 'Vijayalakshmi Printing Works Pvt Ltd', '2013', '400', '', NULL),
(11, 1, '2022/01/09', 'MC Shukla, TS Grewal, SC Gupta', 'Advanced Accounting', 'S. Chand', '07-10-1905', '', '11/29/1901', NULL),
(12, 1, '2022/01/09', 'S.P Jain and K.L Narang', 'Advanced Accounting', 'Kalyani Publicatios', '07-09-1905', '', '10-11-1901', NULL),
(13, 1, '2022/01/09', 'Dr. D.S Rawat', 'Students Guide to Accounting Standard', 'Taxmann', '07-11-1905', '2/21/1901', '04-09-1901', NULL),
(14, 1, '2022/01/09', 'T.S. Reddy and Dr. A Murthy', 'Financial Accounting', 'Margham', '07-10-1905', '', '12-05-1900', NULL),
(15, 1, '2022/01/09', 'T.S. Reddy and Dr. A Murthy', 'Corporate Accounting Volume Two', 'Margham', '07-11-1905', '', '09-06-1900', NULL),
(16, 1, '2022/01/09', 'T.S. Reddy and Dr. A Murthy', 'Corporate Accounting Volume One', 'Margham', '07-11-1905', '', '8/17/1900', NULL),
(17, 1, '2022/01/09', 'S.P. Jain (Author), K.L. Narang', 'Advanced Financial Accounting for M.Com 2nd Semester of M.G. University', 'KALYANI PUBLISHER', '01-Jan-20', '', '299', NULL),
(18, 1, '2022/01/09', 'Dr. S. K. Singh, Dr. Banarasi Mishra', 'Practical Problems in Financial Accounting', 'SBPD Publications', '01-Jan-20', '407', '445', NULL),
(19, 1, '2022/01/09', 'Dr.Kishor A Wangal', 'Practical Problem Solution in Financial Accounting(B.Com-2nd year, 3rd Sem) in English', 'Sai Jyoythi Publication', '11-Jul-05', '', '290', NULL),
(20, 1, '2022/01/09', 'R.L. Gupta. & M Radhaswamy', 'Advanced Accountancy: Theory, Method and Application - Vol. 1', 'Sultan Chand & Sons', '01-Jan-13', '1828', '685', NULL),
(21, 1, '2022/01/09', 'Goyal V.K & Ruchi Goyal', 'Financial Accounting', 'Prentice Hall India Learning Private Limited', '01-Jan-12', '668', '317', NULL),
(22, 1, '2022/01/09', 'Dr. S.M. Shukla', 'Advanced Financial Accounting ) B.Com 2nd Semester', 'Sahitya Bhawan Publications', '01-Jan-18', '', '300', NULL),
(23, 1, '2022/01/09', 'R.L.Gupta, V.K.Gupta', 'Financial Accounting (Reprint 2016)', 'Sultan Chand & Sons', '01-Jan-16', '', '395', NULL),
(24, 1, '2022/01/09', 'M C Shukla, T.S Grewal & S.C Gupta', 'Advanced Accounts - Volume II', 'S Chand Publishing', '01-Jan-16', '1304', '699', NULL),
(25, 1, '2022/01/09', 'S.P. Jain,  K.L. Narang,  Simmi Agrawal & Monika Sehgal', 'Financial Accounting [including Goods and Service Tax(GST)] For B.Com., B.Com.(AF), B.Com.(BM), B.Com.(CS), BBA, B.Sc.(ISM), B.Sc. Maths Allied and BCA of University of Madras', 'KALYANI PUBLISHER', '01-Jan-20', '', '395', NULL),
(26, 1, '2022/01/09', 'Dr. Amit Kumar, Dr. B. Jagdish Rao', 'Marketing Management For B.Com. M.Com. B.B.A. & M.B.A. Classes of Various Universities Paperback – 1 January 2019', 'Sahitya Bhawan Publications', '01-Jan-19', '352', '200', NULL),
(27, 1, '2022/01/09', 'S. N. Maheshwari, Suneel K Maheshwari, Sharad K Maheshwari', 'Financial Accounting Paperback', 'Vikas Publishing House', '01-Jan-18', '1024', '675', NULL),
(28, 1, '2022/01/09', 'R.L. Gupta. & M Radhaswamy', 'Advanced Accountancy - Vol. 2', 'Sultan Chand & Sons', '01-Jan-14', '', '685', NULL),
(29, 1, '2022/01/09', 'B.D.Chatterjee', 'Illustrated Guide to Indian Accounting Standards', 'Taxmann Publications (P.) Ltd', '10-Jul-05', '1208', '2675', NULL),
(30, 1, '2022/01/09', 'BPP Learning media', 'Diploma in International Financial Reporting', 'BPP Learning media', '12-Jul-05', '539', '3900', NULL),
(31, 2, '2022/01/09', 'Mohammed Arif Pasha', 'Accounting For Managers', 'Vrindha Publishing Ltd Delhi', '2009', '864', '325', NULL),
(32, 2, '2022/01/09', 'S.N Maheshwari  ', 'Management Accounting And Financial Conrol', 'Sulthan, Chand &Co, New Delhi', '2002', 'G 30', '300', NULL),
(33, 2, '2022/01/09', 'Richard Lynsh  &Robert Williamson', 'Accounting For Management', 'Tata Mcgrow Hill Publishing Company Ltd, New Delhi', '2000', '542', '685', NULL),
(34, 2, '2022/01/09', 'Jain & Narang, Simmi Agarwal & Monica Sehgal', 'Cost &Management Accounting', 'Kalyani Publishers, New Delhi', '2001', '139', '295', NULL),
(35, 2, '2022/01/09', 'M Y Khan & P.K Jain', 'Management Accounting ', 'Tata Mcgrow Hill Publishing Company Ltd, New Delhi', '2000', '22.5', '602', NULL),
(36, 2, '2022/01/09', 'Richard Lynsh  &Robert Williamson', 'Accounting For Management', 'Tata Mcgrow Hill Publishing Company Ltd, New Delhi', '2000', '542', '685', NULL),
(37, 2, '2022/01/09', '', 'Accounting For Management', '', '', '91', '', NULL),
(38, 2, '2022/01/09', 'S.N Maheshwari,Suweel Maheswari & Sharad Maheswari', 'Managemnet Accounting & Control System', 'Vikas Publishing House Ltd Delhi', '2013', '239', '', NULL),
(39, 2, '2022/01/09', 'Mahatma Gandhi University', 'Accounting For Management', '', '2002', '148', '', NULL),
(40, 2, '2022/01/09', 'S.P. Jain /K.L.Narang & Simi Agarwal', 'Cost Accounting Principle& Practice', 'Kalyani Publications', '2016', 'VII/10-16', '650', NULL),
(41, 2, '2022/01/09', 'M.C.Shukla ,T.S.Grewal ,S.C.Gupta', 'Advanced Accounts. Volume.II.', 'S.Chand ,New Delhi', '2018', '', '699', NULL),
(42, 2, '2022/01/09', 'S.N Maheswari & S.K.Maheswari', 'Advanced Accountancy  Volume.II', 'Vikas Publications', '2018', '', '750', NULL),
(43, 2, '2022/01/09', 'S P Jain, K L Narang, S Agarwal', 'Advanced Cost Accounting(Cost Management)', 'Kalyani Publications', '2017', 'VI/7-16', '650', NULL),
(44, 2, '2022/01/09', 'M.N Arora', 'Cost Accounting Principle& Practice', 'Vikas Publishing', '2018', '', '550', NULL),
(45, 2, '2022/01/09', 'M.N Arora', 'Cost and Management Accounting', 'Vikas Publishing', '2017', '', '650', NULL),
(46, 2, '2022/01/09', 'M.C Shukla, T.S Grewal & Dr. M P Gupta', 'Cost Accounting Text& Problems', 'S.Chand ,New Delhi', '2018', '', '595', NULL),
(47, 2, '2022/01/09', 'S.N Maheswari & S.K.Maheswari', 'Advanced Accounting', 'Vikas Publishing', '2014', '', '725', NULL),
(48, 2, '2022/01/09', 'T.S. Reddy and Dr. Y Hariprasad Reddy', 'Management Accounting', 'Margham', '2017', '', '270', NULL),
(49, 2, '2022/01/09', 'T.S. Reddy and Dr. Y Hariprasad Reddy', 'Cost Accounting', 'Margham', '2014', '', '270', NULL),
(50, 2, '2022/01/09', 'Pro. M L Agarwal & Dr. K L Gupta', 'Advanced Cost Accounting', 'Sahithya Bhavan Publishers', '2020', '958', '700', NULL),
(51, 2, '2022/01/09', 'N.K. Sharma ', 'Advanced Cost Accounting', 'ABD Publishers', '2001', '1250', '', NULL),
(52, 2, '2022/01/09', 'Jawahar Lal , Seema Srivastav , Manisha Singh ', 'Cost Accounting : Text, Problems and Cases', 'McGraw-Hill', '2019', ' 1068 ', '', NULL),
(53, 3, '2022/01/09', 'Dr.P.M.Thomas ', 'Quantitative Economics', 'Chinnu Thomas, Kottayam', '2006', '445', '104', NULL),
(54, 3, '2022/01/09', 'Williams & Sweeney', 'Quantitative Approach to Decision Making ', 'West Publishing Co. USA', '1994', '814', '682', NULL),
(55, 3, '2022/01/09', 'N.D. Vohra', 'Quantitative Techniqus in Management', 'Tata McGraw Hill Publishing Co. Ltd.', '2001', '929', '', NULL),
(56, 3, '2022/01/09', 'Wilkinson & Bhandarkar', 'Methodology & Techniques of Social Research ', 'Himalay Publishing House', '2002', '444', '195', NULL),
(57, 3, '2022/01/09', 'C.R Kothari', 'Quantitative Techniqus', 'Vikas Publication', '2014', '479', '425', NULL),
(58, 3, '2022/01/09', 'P.C Tulsian , Vishal Pandey', 'Quantitative Techniques - Theory and Problems', 'Pearson', '2019', '12.18', '', NULL),
(59, 3, '2022/01/09', 'David Freedman,Robert Pisami,Roger Purves', 'Statistics', 'Viva Books', '2018', 'A-121', '995', NULL),
(60, 3, '2022/01/09', 'David Spiegelhalter', 'The Art of Statistics Learning from Data', 'Pelican', '2020', '426', '599', NULL),
(61, 3, '2022/01/09', 'Murray R Spiegel, John J Schiller, R Alu Srinivasan', 'Probability and Statistics', 'McGrawHill', '2019', 'P 23 & I 45', '', NULL),
(62, 3, '2022/01/09', 'Laishram Ladusingh', 'Survey Sampling Methods', 'PHI Learning Pvt. Ltd', '2018', '220', '295', NULL),
(63, 3, '2022/01/09', 'Gareth James, Daniela Witten, Trevor Hastie, Robert Tibsshirani', 'An Introduction to statistical Learning with Application in R', 'Springer', '2013', '426', '', NULL),
(64, 4, '2022/01/09', 'Hamely A Teha', 'Operations Research - An Introduction', 'Prentice Hell of India', '2001', '416', '245', NULL),
(65, 4, '2022/01/09', 'S.K. Jain & D.M Mehta', 'Operations Research ', 'Galgotia Publication', '2000', '495', '126', NULL),
(66, 4, '2022/01/09', 'S Kalavathi& C.R Kothari', 'Operations Research', 'Vikas Publication', '2013', '277', '', NULL),
(67, 4, '2022/01/09', 'S. Kalavathi', 'Operations Research', 'Vikas Publication', '2002', '506', '150', NULL),
(68, 4, '2022/01/09', 'A. Ravindran, Don T Phillips & James J Solbeig', 'Operations Research - Principles & Practice', 'John Wiley & Sons', '2000', '637', '', NULL),
(69, 4, '2022/01/09', 'V. K Kapoor', 'Operations Researh', 'Sulthan Chand & Sons', '2001', 'A.51', '225', NULL),
(70, 4, '2022/01/09', 'Hillllier & Lieberman', 'Introduction to Operations Research', 'Tata McGraw Hill Publishing Co. Ltd.', '2001', '1214', '', NULL),
(71, 4, '2022/01/09', 'P.Mariappan', 'Operations Research - An Introduction ', 'Pearson', '2013', '378', '429', NULL),
(72, 4, '2022/01/09', 'P K Gupta, D S Hira', 'Operations Research', 'S Chand & Co', '2020', '1498', '675', NULL),
(73, 6, '2022/01/09', 'Parthasarathy', 'Advertising Concepts & Cases', 'ICFAI University', '2004', '169', '300', NULL),
(74, 6, '2022/01/09', 'Kazmi & Batra', 'Advertising & Sales Promotion', 'Excel Books', '2001', '579', '295', NULL),
(75, 6, '2022/01/09', 'George Belch & Michael Belch', 'Advertising & Promotion', 'Tata Mc Graw Hill', '2002', '784', '320', NULL),
(76, 6, '2022/01/09', 'Wells, Burnett & Moriarty', 'Advertising Principle & Practice', 'Prentice Hall Of India Private Ltd', '2002', '562', '295', NULL),
(77, 6, '2022/01/09', 'Debraj & Mahua Dutta', 'Advertising & Sales Promotion', 'Vrinda Publications Ltd', '2009', '694', '300', NULL),
(78, 6, '2022/01/09', 'Kazmi & Batra', 'Advertising & Sales Promotion', 'Excel Books', '2001', '579', '295', NULL),
(79, 6, '2022/01/09', 'Chunawalla Kumar & Sethia', 'Adertising & Theory Practce', 'Himalaya Publishing House', '2011', '398', '260', NULL),
(80, 6, '2022/01/09', 'In Gram,Lafarge, Auia, Willims', 'Sales Management', 'Thomson-Southwetern', '2007', '436', '390', NULL),
(81, 6, '2022/01/09', 'S L Gupta', 'Sales Distribution & Management', 'Excel Books', '2002', '332', '225', NULL),
(82, 6, '2022/01/09', 'Norman Edward & Richard', 'Sales Management', 'Prentice Hall Of India Private Ltd', '2001', '638', '195', NULL),
(83, 6, '2022/01/09', 'Robert Calvin', 'Sales Management', 'Tata Mc Graw Hill', '2002', '245', '295', NULL),
(84, 6, '2022/01/09', 'Batramyers & Aaker', 'Advertisng Management', 'Pearson', '2014', '768', '420', NULL),
(85, 6, '2022/01/09', 'George Belch Purani & Michel Belch Purani', 'Advertising & Promotion', 'Mc Graw Hill Education Pvt Ltd', '2013', '1016', '725', NULL),
(86, 6, '2022/01/09', 'Ronald Karen & Thomson', 'Advertising Procedure', 'Pearson', '2012', '782', '810', NULL),
(87, 6, '2022/01/09', 'Dr. Sreedhar P Nair & Deepa Mathew', 'Advertising & Sales Promotion', 'Prakash Publication', '2012', '200', '100', NULL),
(88, 6, '2022/01/09', 'D Saravanavel & S Su', 'Advertising & Salesmanship', 'Margham Publcation', '2018', '', '200', NULL),
(89, 5, '2022/01/09', 'HARLEY HAHN', 'THE INTERNET', 'TATA MC GRAW HILL', '1997', '802', '', NULL),
(90, 5, '2022/01/09', 'BEHROUZ A FOROUZAN', 'DATA COMMUNICATIONS & NETWORKING', 'TATA MC GRAW HILL', '2001', '908', '', NULL),
(91, 5, '2022/01/09', 'IVAN BAYROSS', 'HTML, DHTML,JAVASCRIPT,PERL CGI', 'BPB PUBLICATIONS', '2005', '427', '390', NULL),
(92, 5, '2022/01/09', 'A.K.NADHANI & K.K.NADHANI', 'IMPLEMENTING TALLY', 'BPB PUBLICATIONS', '2007', '1065', '540', NULL),
(93, 5, '2022/01/09', 'DINESH MAIDASANI', 'M.S.OFFICE 2000', 'FIREWALL MEDIA', '2007', '290', '150', NULL),
(94, 5, '2022/01/09', 'TANEVEER SIDDQUI, V.S.TIWARY', 'NATURAL LANGUAGE PROCESSING & INFROMATION RETRIEVAL', 'OXFORD UNIVERSITY PRESS', '2008', '406', '275', NULL),
(95, 5, '2022/01/09', 'ELIAS AWAD', 'SYSTEM ANALYSIS & DESIGN', 'GALGOTIA PUBLICATIONS LTD', '1997', '524', '200', NULL),
(96, 5, '2022/01/09', 'SISO BOOKS', 'DTP PAGEMAKER', 'SISO BOOKS', '2007', '254', '185', NULL),
(97, 5, '2022/01/09', 'CARL HAMACHER, ZUONKO VRANESIC, SAFWAF ZAKY', 'COMPUTER ORGANIZATION', 'MC GRAW HILL', '2002', '805', '395', NULL),
(98, 5, '2022/01/09', 'DANIEL MINALI, EMMI MINALI', 'WEB COMMERCE TECHNOLOGY HAND BOOK', 'TATA MC GRAW HILL', '2008', '621', '325', NULL),
(99, 5, '2022/01/09', 'KALAKOTA & WHINSTON', 'FRONIERS OF E-COMMERCE', 'PEARSON EDUCATION ASIA', '2002', '850', '325', NULL),
(100, 5, '2022/01/09', 'VIKAS GUPTA', 'ENCYCLOPEDIA OF COMPUTERS', 'DREAMTECH PRESS', '2007', '432', '1050', NULL),
(101, 5, '2022/01/09', 'VIKAS GUPTA', 'COMDEX COMPUTER COURSE KIT', 'DREAMTECH PRESS', '2003', '560', '199', NULL),
(102, 5, '2022/01/09', 'LOUISE PILE', 'E-MAILING', 'VIVA BOOKS', '2009/2007', '', '195', NULL),
(103, 5, '2022/01/09', 'PRAG DIWAN, SUNIL SHARMA', 'E-COMMERCE', 'EXCEL BOOKS', '2000', '363', '250', NULL),
(104, 5, '2022/01/09', 'VIKAS GUPTA', 'COMDEX COMPUTER COURSE', 'DREAMTECH PRESS', '2007', '560', '199', NULL),
(105, 5, '2022/01/09', 'RAJARAMAN', 'FUNDAMENTALS OF COMPUTERS', 'EASTERN ECONOMY EDITION', '2000', '351', '125', NULL),
(106, 5, '2022/01/09', 'PETER NORTON', 'INTRODUCTION TO COMPUTERS', 'TATA MC GRAW HILL CO\'S', '2008', '609', '580', NULL),
(107, 5, '2022/01/09', 'P K SINHA', 'COMPUTER FUNDAMENTALS', 'TATA MC GRAW HILL', '4', '247', '99', NULL),
(108, 5, '2022/01/09', 'PHIL RACE & MCDOWELL', 'COMPUTING TIPS', 'CREST PUBLISHING HOUSE', '2004', '131', '195', NULL),
(109, 5, '2022/01/09', 'COMPUTECH PUBLISHERS', 'SUPER COMPUTERS', 'COMPUTECH PUBLISHERS', '2001', '376', '300', NULL),
(110, 5, '2022/01/09', 'MANAHARI LOTIA NAIR & BIJAL LOTIA', 'MODERN- AU , ABOUT HARD DISK DRIVE', 'BPB PUBLICATIONS', '1997', '516', '150', NULL),
(111, 5, '2022/01/09', 'KEVIN KNIGHT, ELAIN RICH', 'ARTIFICAIL INTELIGENCE', 'TATA MC GRAW HILL EDITION', '1991', '621', '', NULL),
(112, 5, '2022/01/09', 'GEORGE REYNOLDS', 'ETHICS IN IT', 'THOMSON INDIA EDITION', '2007', '350', '', NULL),
(113, 5, '2022/01/09', 'DHANPAT RAI & CO', 'E- COMMERCE NEW VISITOR FOR BUSINESS', '', '2001', 'G.18', '', NULL),
(114, 5, '2022/01/09', 'OFFICE 2000', 'MICHEL BUSBY, RUSSSELL A STULTZ', 'BPB PUBLICATIONS', '', '638', '300', NULL),
(115, 5, '2022/01/09', 'DATA COMMUNICATIONS & DISTRIBUTED NETWORKS', 'UYLESS D BLAKE', 'PRENTICE HALL OF INDIA PRIVATE LTD', '200', '426', '', NULL),
(116, 5, '2022/01/09', 'C PROGRAMMING IN LANGUAGE', 'TIJI THOMAS/ STEOHEN JAMES/ TERRY JACOB', 'PRAKASH PUBLICATIONS', '2015', '190', '110', NULL),
(117, 5, '2022/01/09', 'INTERNET WE DESIGNING AND CYBER LAWS', 'TIJI THOMAS/ STEOHEN JAMES/ TERRY JACOB', 'PRAKASH PUBLICATIONS', '2016', '216', '110', NULL),
(118, 5, '2022/01/09', 'Tiji Thomas, Stephen James & Terry Jacob Mathew', 'Data Base Management System for Business', 'Prakash Publications', '2016', '224', '120', NULL),
(119, 5, '2022/01/09', 'Dr. P Rizwan Ahmed', 'E- Business & E- Commerce', 'Margham Publication', '2015', '', '160', NULL),
(120, 7, '2022/01/09', 'Govindarajan', 'GST', 'Lentax Publication', '2017', '1111', '1050', NULL),
(121, 7, '2022/01/09', 'Sanjeev Malhotra', 'GST', 'Bloomsbury', '2017', '837', '1295', NULL),
(122, 7, '2022/01/09', 'S S Gupta', 'GST', 'Taxman Publication', '2017', '751', '975', NULL),
(123, 7, '2022/01/09', 'Dr. A P Philip', 'Value Added Tax', 'Soba Publication', '2016', '215', '120', NULL),
(124, 7, '2022/01/09', 'Dr. H C Malhotra & Prof. V P Agawal', 'Goods & Service Tax', 'Sahithya Bhawan Pubblication', '2019', '344', '295', NULL),
(125, 7, '2022/01/09', 'V S Datey', 'GST Ready Reckoner', 'Taxmann\'s', '2021', '1149', '2100', NULL),
(126, 21, '2022/01/09', 'NEAESH K MALHOTRA', 'MARKETING RESEARCH', 'PEARSON EDUCATION ASIA', '2002', '760', '395', NULL),
(127, 21, '2022/01/09', 'GILBERT CHURCHILL , DAWN 1 A COBUCCI', 'MARKETING RESEARCH', 'THOMSON EDITION', '2007', '697', '450', NULL),
(128, 21, '2022/01/09', 'DAVID LUCK , RONALD RUBIN', 'MARKETING RESEARCH', 'EASTERN ECONOMY EDITION', '2001', '670', '250', NULL),
(129, 21, '2022/01/09', 'HARPER BOYD , RALPH & STANLEY', 'MARKETING RESEARCH', 'A.I.T.B.S. PUBLISHERS & DISTRIBUTORS', '2002', '793', '285', NULL),
(130, 21, '2022/01/09', 'DONALD TULL & HAWKINS', 'MARKETING RESEARCH', '', '2000', '863', '295', NULL),
(131, 21, '2022/01/09', 'G C BERI', 'MARKETING RESEARCH', 'TATA MC GRAW HILL PUBLISHING LTD', '', '', '', NULL),
(132, 21, '2022/01/09', 'S L GUPTA , SEEMA GUPTA', 'MARKETING RESEARCH', 'EXCEL BOOKS', '2003', '599', '275', NULL),
(133, 21, '2022/01/09', 'CHABRA & GROVER', 'MARRKETING MANAGEMENT', 'DHANPAT RAI & CO', '2002', '7.16', '120', NULL),
(134, 21, '2022/01/09', 'RAMASWAMY & NAMAKUMARI', 'MARRKETING MANAGEMENT', 'MCMILLAN INDIA LTD', '1998', '624', '250', NULL),
(135, 21, '2022/01/09', 'CHABRA & GROVER', 'MARRKETING MANAGEMENT', 'DHANPAT RAI & CO', '2002', '7.16', '120', NULL),
(136, 21, '2022/01/09', 'CHABRA & GROVER', 'MARRKETING MANAGEMENT', 'DHANPAT RAI & CO', '2008', '', '165', NULL),
(137, 21, '2022/01/09', 'C N SONTAKKI', 'MARRKETING MANAGEMENT', 'KALYANI PUBLISHERS', '2009', '5.116', '225', NULL),
(138, 21, '2022/01/09', 'PHILP KOTTOR & K KELLER', 'MARRKETING MANAGEMENT', 'PEARSON EDUCATION ASIA', '2017', '344', '380', NULL),
(139, 21, '2022/01/09', 'SUBASH JAIN', 'MARKETING PLANNING & STRATEGY', 'THOMSON', '2007', '935', '420', NULL),
(140, 21, '2022/01/09', 'PHILP KOTTOR', 'MARKETING MANAGEMENT', 'PRENTICE HALL OF INDIA PRIVATE LTD', '2001', '719', '395', NULL),
(141, 21, '2022/01/09', 'MUKUND & SANJITB DUTTA', 'MARKETING MANAGEMENT', 'ICFAI PRESS', '2003', '170', '300', NULL),
(142, 21, '2022/01/09', 'R.SRINIVASAN', 'INTERNATIONAL MARKETING', 'EASTERN ECONOMY EDITION', '2002', '184', '175', NULL),
(143, 21, '2022/01/09', 'S.M.JHA', 'SERVICE MARKETING', 'HIMALAYA PUBLISHING HOUSE', '2014', '781', '590', NULL),
(144, 21, '2022/01/09', 'GOVIND APTE', 'SERVICE MARKETING', 'OXFORD UNIVERSITY PRESS', '2014', '440', '345', NULL),
(145, 21, '2022/01/09', 'ARJAN VAN WEELE', 'PURCHASING & SCM', 'BUSINEES PRESS THOMSON LEARNING', '200', '348', '173', NULL),
(146, 21, '2022/01/09', 'ANSHUL KAUSHES', 'RETAILING', 'ICFAI PRESS', '2002', '196', '300', NULL),
(147, 21, '2022/01/09', 'MADHAVI GARIKAPARTHI', 'CRM', 'ICFAI PRESS', '2002', '209', '300', NULL),
(148, 21, '2022/01/09', 'SCHIFMAN & LAZAS KANUK', 'CONSUMER BEHAVIOUR', '', '2002', '469', '225', NULL),
(149, 21, '2022/01/09', 'JOHN BASTON', 'MANAGING SERIVCE MARKETING', 'HARTOURT BRACE PUBLISHERS', '1995', '680', '520', NULL),
(150, 21, '2022/01/09', 'HARSH VERMA', 'BRAND MANAGEMENT', 'EXCEL BOOKS', '2002', '270', '195', NULL),
(151, 21, '2022/01/09', 'YLR MOORHI', 'BRAND MANAGEMENT', 'VIKAS PUBLISHING HOUSE', '2015', '166', '125', NULL),
(152, 21, '2022/01/09', 'CARL MC DANIEL ROGER', 'CONTEMPORARY MARKETING RESEARCH', 'WEST PUBLISHING', '1996', '783', '295', NULL),
(153, 21, '2022/01/09', 'Mary Eswin & Augustine', 'Service Marketing', 'Prakash Publication', '2015', '184', '100', NULL),
(154, 21, '2022/01/09', 'Dr.KGC Nair, Dr. Deepa Krishnan & Dr. As Vinod', 'Marketing Management', 'Chand Publication', '', '5.17', '120', NULL),
(155, 21, '2022/01/09', 'Seema Gupta', 'Digital Marketing', 'McGraw Hill', '2018', '404', '695', NULL),
(156, 21, '2022/01/09', 'Philip Kotler', 'MArketing Management', 'Pearson', '', 'G 10', '1049', NULL),
(157, 21, '2022/01/09', 'Pracli Gupta & Ashita Agarwal', 'MArketing Management - Indian Case', 'Pearson', '2018', '23.6', '', NULL),
(158, 21, '2022/01/09', 'Dr. L Natarajan', 'Marketing', 'Margham Publcation', '2019', '', '180', NULL),
(159, 21, '2022/01/09', 'Dr. L Natarajan', 'Service Marketing', 'Margham Publcation', '2019', '', '190', NULL),
(160, 21, '2022/01/09', 'Vedpuriswar', 'Services', 'ICFAI Books', '2002', '205', '300', NULL),
(161, 21, '2022/01/09', 'R V Badi & N V Badi', 'Industrial Marketing', 'Vrinda Publications Ltd', '2006', '420', '200', NULL),
(162, 21, '2022/01/09', 'Arun Kumar, Smitha, Sona, Satish Beri', 'Services Marketing', 'Vikas Publishing House Pvt Ltd', '2013', '217', '-', NULL),
(163, 21, '2022/01/09', 'DR. VIPUL PATEL', 'ADVERTISEMENT & SALES MANAGEMENT - M.COM. FINAL YEAR, 4TH SEMESTER SERIES-(ENGLISH MEDIUM) (COMBO PACK OF 4 SERIES - \"MARKETING GROUP\")', 'DEVI AHILYA PRAKASHAN', '1 January 2020', '', '55', NULL),
(164, 21, '2022/01/09', 'DR. VIPUL PATEL', 'RURAL& AGRICULTURE MARKETING - M.COM. FINAL YEAR, 4TH SEMESTER SERIES-(ENGLISH MEDIUM) (COMBO PACK OF 4 SERIES - \"MARKETING GROUP\")', 'DEVI AHILYA PRAKASHAN', '1 January 2020', '', '60', NULL),
(165, 21, '2022/01/09', 'DR. VIPUL PATEL', 'INTERNATIONAL MARKETING - M.COM. FINAL YEAR, 4TH SEMESTER SERIES-(ENGLISH MEDIUM) (COMBO PACK OF 4 SERIES - \"MARKETING GROUP\")', 'DEVI AHILYA PRAKASHAN', '1 January 2020', '', '55', NULL),
(166, 21, '2022/01/09', 'DR. VIPUL PATEL', 'CONSUMER BEHAVIOUR - M.COM. FINAL YEAR, 4TH SEMESTER SERIES-(ENGLISH MEDIUM) (COMBO PACK OF 4 SERIES - \"MARKETING GROUP\")', 'DEVI AHILYA PRAKASHAN', '1 January 2020', '', '55', NULL),
(167, 21, '2022/01/09', 'Dr. Amit Kumar, Dr. B. Jagdish Rao', 'Marketing Management For B.Com. M.Com. B.B.A. & M.B.A. Classes of Various Universities Paperback – 1 January 2019', 'Sahitya Bhawan Publications', '1 January 2019', '352', '200', NULL),
(168, 19, '2022/01/09', 'SG Bhat, G.D Sharma & Mandeep Mahendra', 'Operations Management', 'Kalyani Publications', '2009', '20.32', '150', NULL),
(169, 19, '2022/01/09', 'Ray Wild', 'Operations Management', 'Thompson Publications', '2003', '870', '520', NULL),
(170, 19, '2022/01/09', 'K.S Chandrasekhar', 'Product Management', 'Himalaya Publishing House', '2002', '280', '80', NULL),
(171, 19, '2022/01/09', 'Norwan Gaither & Greg Frazier', 'Operations Management', 'Thompson South Western', '2007', '811', '-', NULL),
(172, 19, '2022/01/09', 'SN Chary', 'Production and Operation Management', 'Tata McGraw Hill Publishing Company Ltd', '2003', '626', '-', NULL),
(173, 19, '2022/01/09', 'Everette Adam Jr. & Ronald J. Ebert', 'Production and Operation Management', 'Prentice- Hall of India Private Ltd.', '2000', '729', '295', NULL),
(174, 19, '2022/01/09', 'William J. Stevenson', 'Production and Operation Management', 'IRWIN', '1996', '897', '', NULL),
(175, 19, '2022/01/09', 'Roger. G. Schroeder', 'Operations Management', 'McGraw Hill Publishing Company ltd.', '', '848', '15.50$', NULL),
(176, 19, '2022/01/09', 'R.V Badi & N.V Badi', 'Production and Operation Management', 'Indian Aluminium Company Ltd', '-', '604', '300', NULL),
(177, 19, '2022/01/09', 'James. R. Evans & David. A. Collier', 'Operations Management', 'Thompson Western', '2007', '830', '-', NULL),
(178, 19, '2022/01/09', 'Elwood .S. Buffa & Rakesh. K. Sarin', 'Modern Production Operations Management', 'John Wiley & Sons', '2002', '834', '658', NULL),
(179, 19, '2022/01/09', 'Nicholas. J. Acquilano', 'Fundamentals of Operations Management', 'IRWIN', '1991', '732', '195', NULL),
(180, 19, '2022/01/09', 'Anshul Kaushesh', 'Pharmaceutical Management', 'ICFAI Books', '2003', '198', '300', NULL),
(181, 19, '2022/01/09', 'Subba Rao', 'Pharmaceutical Marketing in India', 'Excel Books Private Ltd', '2006', '408', '295', NULL),
(182, 19, '2022/01/09', 'Donald Letimann, Russel Wines', 'Product Management', 'Tata McGraw Hill Edition', '2012', '494', '360', NULL),
(183, 19, '2022/01/09', 'Ramanuj Majumdar', 'Product Management', 'Prentice Hall Of India', '2004', '347', '195', NULL),
(184, 19, '2022/01/09', 'Ramanuj Majumdar', 'Product Management', 'Prentice Hall Of India', '2015', '430', '395', NULL),
(185, 19, '2022/01/09', 'Srivastara', 'Product Management & Product Development', 'Excel Books Private Ltd', '2006', '236', '195', NULL),
(186, 19, '2022/01/09', 'Donald & Russel', 'Product Management', 'Tata McGraw Hill Edition', '2002', '502', '900', NULL),
(187, 19, '2022/01/09', 'N. Kumar & R. Mittal', 'Product Management', 'Anmol Publications Pvt Ltd', '2002', '396', '90', NULL),
(188, 19, '2022/01/09', 'Ramanuj Majumdar', 'Product Management in India', 'Prentice Hall Of India', '2004', '346', '195', NULL),
(189, 22, '2022/01/09', 'David Hunger & Thomas Wheelen', 'Essentials of Strategic Management', 'Prentice Hall of India', '2002', '125', '203', NULL),
(190, 22, '2022/01/09', 'Sudhir Warier, A Nag & Saurabh Gupta', 'Strategic Management', 'Vikas Publishing House Pvt. Ltd', '2013', '', '262', NULL),
(191, 22, '2022/01/09', 'Dr. Arindam Ghosh', 'Strategic Management', 'Books & Allied (p) Ltd', '2001', '145', '369', NULL),
(192, 22, '2022/01/09', 'R. Srinivasan', 'Strategic Management', 'Prentice Hall of India', '2002', '175', '240', NULL),
(193, 22, '2022/01/09', 'Philip Sadler', 'Strategic Management', 'Kogan Page India Pvt. Ltd', '2,005.00$', '295', '272', NULL),
(194, 22, '2022/01/09', 'Dr. Arindam Ghosh', 'Strategic Management', 'Books & Allied (p) Ltd', '2001', '145', '369', NULL),
(195, 22, '2022/01/09', 'VSP Rao & Hari Krishna', 'Strategic Management Text & Cases', 'Excel Books, New Delhi', '2003', '295', '709', NULL),
(196, 22, '2022/01/09', 'Dhruba Dutta Chowdhary', 'Strategic Management - Theory and Practice', 'New Central Book Agency (P) Ltd.', '2002', '245', '433', NULL),
(197, 22, '2022/01/09', 'Azhar Kazmi', 'Business Policy & Strategic Management', 'Tata Megraw Hill Publihing Company Ltd.', '2002', '', '619', NULL),
(198, 22, '2022/01/09', 'Dr. K V Venugopal', 'Entrepreneurship Development & Project Management', 'Prathibha Publications, Changanachery', '2013', '80', '158', NULL),
(199, 22, '2022/01/09', 'M M Abraham', 'Entrepreneurship Development & Project Management', 'Prakash Publication', '2010', '100', '228', NULL),
(200, 22, '2022/01/09', 'Vijay Sathe', 'Corporate Entrepreneurship', 'Cambridge University Press', '2004', '4570', '387', NULL),
(201, 22, '2022/01/09', 'K R Sharma', 'Project Management', 'National Publishing House', '2000', '150', '389', NULL),
(202, 22, '2022/01/09', 'R V Badi & N V Badi', 'Entrepreneurship', 'Vrinda Publication', '2005', '250', '643', NULL),
(203, 22, '2022/01/09', 'D Gopalakrishnan & V E Ramamurthi', 'Project Management', 'MC Millian Publication India Ltd.', '2001', '218', '400', NULL),
(204, 22, '2022/01/09', 'Harvey Maylor', 'Project Management', 'MC Millian Publication India Ltd.', '2001', '155', '254', NULL),
(205, 22, '2022/01/09', 'Dr. Vasant Desai', 'Project Management', 'Himalaya Publishing House', '2001', '240', '591', NULL),
(206, 22, '2022/01/09', 'Jack R Medredith & Samuel J Manttera', 'Project Management', 'John Willy & Sons', '200', '', '616', NULL),
(207, 22, '2022/01/09', 'K Nagaraja', 'Project Management', 'NewAge International (P) Ltd', '2001', '', '508', NULL),
(208, 22, '2022/01/09', 'Dr. Vasant Desai', 'Project Management & Entrepreneurship', 'Himalaya Publishing House', '2002', '190', '328', NULL),
(209, 22, '2022/01/09', 'Prasanna Chandra', 'Project Management', 'Tata Megraw Hill Publihing Company Ltd.', '2002', '', '745', NULL),
(210, 22, '2022/01/09', 'Dr. PT Vijayashan & Dr. H Alagarasi', 'Entrepreneurship and Small Business Management', 'Margham Publcation', '2016', '150', '', NULL),
(211, 23, '2022/01/09', 'Dr. K V Venugopal', 'Entrepreneurship Development & Project Management', 'Prathibha Publications, Changanachery', '7/5/1905', '158', '80', NULL),
(212, 23, '2022/01/09', 'M M Abraham', 'Entrepreneurship Development & Project Management', 'Prakash Publication', '7/2/1905', '228', '100', NULL),
(213, 23, '2022/01/09', 'R V Badi & N V Badi', 'Entrepreneurship', 'Vrinda Publication', '6/27/1905', '643', '250', NULL),
(214, 23, '2022/01/09', 'Vijay Sathe', 'Corporate Entrepreneurship', 'Cambridge University Press', '6/26/1905', '387', '4570', NULL),
(215, 23, '2022/01/09', 'K R Sharma', 'Project Management', 'National Publishing House', '6/22/1905', '389', '150', NULL),
(216, 23, '2022/01/09', 'D Gopalakrishnan & V E Ramamurthi', 'Project Management', 'MC Millian Publication India Ltd.', '6/23/1905', '400', '218', NULL),
(217, 23, '2022/01/09', 'Harvey Maylor', 'Project Management', 'MC Millian Publication India Ltd.', '6/23/1905', '254', '155', NULL),
(218, 23, '2022/01/09', 'Dr. Vasant Desai', 'Project Management', 'Himalaya Publishing House', '6/23/1905', '591', '240', NULL),
(219, 23, '2022/01/09', 'Jack R Medredith & Samuel J Manttera', 'Project Management', 'John Willy & Sons', '7/18/1900', '616', '', NULL),
(220, 23, '2022/01/09', 'K Nagaraja', 'Project Management', 'NewAge International (P) Ltd', '6/23/1905', '508', '', NULL),
(221, 23, '2022/01/09', 'Dr. Vasant Desai', 'Project Management & Entrepreneurship', 'Himalaya Publishing House', '6/24/1905', '328', '190', NULL),
(222, 23, '2022/01/09', 'Prasanna Chandra', 'Project Management', 'Tata Megraw Hill Publihing Company Ltd.', '6/24/1905', '745', '', NULL),
(223, 23, '2022/01/09', 'Dr. PT Vijayashan & Dr. H Alagarasi', 'Entrepreneurship and Small Business Management', 'Margham Publcation', '7/8/1905', '', '150', NULL),
(224, 28, '2022/01/09', 'Dr. M D Baby', 'Financial Markets and Operations', 'Soba Publications', '2018', '200', '120', NULL),
(225, 28, '2022/01/09', 'Dr KGC Nair, Dr Dipa Krishnan, Dr Jacob Thomas', 'Financial Markets and Operations', 'Chand Publications', '-', '5.36', '140', NULL),
(226, 26, '2022/01/09', 'Ravindra Kumar Arora', 'Financial Derivatives & Risk Management', 'Vikas Publishing House', '2011', '194', '-', NULL),
(227, 26, '2022/01/09', 'Ravindra Kumar Arora, Punithavathy Pandion, H R Mcchiraju', 'Financial Derivatives & Risk Management', 'Vikas Publishing House', '2013', '246', '-', NULL),
(228, 31, '2022/01/09', 'Banking and Financal Service (ICFAI)', 'Senthil Genesen', 'ICFAI Press', '2002', '164', '300', NULL),
(229, 31, '2022/01/09', 'B Santhanam', 'Banking Theory Law and Practice', 'Margham Publcation', '2017', 'Q7', '160', NULL),
(230, 31, '2022/01/09', 'M Rajasekar', 'Banking - in the New Millenium', 'ICFAI Press', '2001', '200', '300', NULL),
(231, 31, '2022/01/09', 'Change', 'Principles and Practices of Banking', 'Macmillian education', '2015', '674', '660', NULL),
(232, 31, '2022/01/09', 'Change', 'Principles and Practices of Banking', 'Macmillian education', '2015', '86', '660', NULL),
(233, 31, '2022/01/09', 'Change', 'Principles and Practices of Banking', 'Macmillian education', '2015', '86', '660', NULL),
(234, 31, '2022/01/09', 'Change', 'Principles and Practices of Banking', 'Macmillian education', '2015', '86', '660', NULL),
(235, 31, '2022/01/09', 'E. Gordon, K Natarajan', 'Banking Theory, Law and Practice', 'Himalaya Publishing House', '2019', '-', '360', NULL),
(236, 31, '2022/01/09', 'Dr Sunnykutty Thomas, Bobby Simon, Bijumon Abraham', 'Modern Banking', 'Prathiba Publications', '2015', '255', '110', NULL),
(237, 31, '2022/01/09', 'Ajimon George', 'Modern Banking', 'Prakash Publications', '2013', '175', '120', NULL),
(238, 27, '2022/01/09', 'Namitha Sabay & Harmeet Kaws', 'Management of Financial Services', 'Vikas Publishing House Pvt. Ltd', '', '121', '', NULL),
(239, 27, '2022/01/09', 'Namitha Saby, Dr. CG Sastri and S Krishnaiar Gouri', 'Management of Financial Services', 'Vikas Publishing House Pvt. Ltd', '2013', '262', '', NULL),
(240, 27, '2022/01/09', 'B. Santhanam', 'Financial Services', 'Margham Publication', '07-07-1905', '-', '06-28-1900', NULL),
(241, 27, '2022/01/09', 'B. Santhanam', 'Financial Services', 'Margham Publication', '2015', '-', '180', NULL),
(242, 8, '2022/01/09', 'POTTI', 'TEXTB BOOK OF BUSINESS LAW', 'YAMUNA PUBLICATION', '-', '20', '89', NULL),
(243, 8, '2022/01/09', 'P.P.S GOGNA', 'BUSINESS LAW', 'S CHAND & CO.', '1999', '582', '170', NULL),
(244, 8, '2022/01/09', 'UNIVERSAL LAW PUBLISHING', 'THE FACTORIES ACT,1948', 'UNIVERSAL LAW PUBLISHING', '-', '74', '45', NULL),
(245, 8, '2022/01/09', 'UNIVERSAL LAW PUBLISHING', 'THE INDUSTRIES DISPUTE ACT,1997', 'UNIVERSAL LAW PUBLISHING', '-', '110', '-', NULL),
(246, 8, '2022/01/09', 'L.M PORWAL & SANJEEV KUMAR', 'BUSINESS LAW', 'VRINDA PUBLICATION', '-', '750', '300', NULL),
(247, 8, '2022/01/09', 'DR. DURGA DAR BARV', 'INTRODUCTION TO THE CONSTITUTION OF INDIA', 'WADHWA NAGPUR', '2002', '499', '135', NULL),
(248, 8, '2022/01/09', 'DR.KURIAN JOSEPH', 'CORPORATE REGULATIONS & GOVERNANCE', 'PRATIBHA PUBLICATIONS', '-', '230', '99', NULL),
(249, 8, '2022/01/09', 'M C KUCHHAL', 'MERCANTILE LAW', 'VIKAS PUBLISHING HOUSE', '-', '617', '135', NULL),
(250, 8, '2022/01/09', 'M V PYLEE', 'INDIAN CONSTITUTION', 'S CHAND & CO.', '1994', '422', '130', NULL),
(251, 8, '2022/01/09', 'T. N CHHABRA & R K SURI', 'INDUSTRIAL RELATION', 'DHANPAT RAI & CPO.', '2000', '663', '165', NULL),
(252, 8, '2022/01/09', 'S K AGGARWAL & ABHA AGGARWAL', 'READY RECKONER', 'RELIANCE PUBLICATION', '2004', '682', '390', NULL),
(253, 8, '2022/01/09', 'UNIVERSAL LAW PUBLISHING', 'THE INDUSTRIAL EMPLOYMENT ACT', 'UNIVERSAL LAW PUBLISHING', '-', '32', '30', NULL),
(254, 8, '2022/01/09', 'L.R  POTTI', 'BUSINESS LAW', 'YAMUNA PUBLICATION', '2009', '460', '89', NULL),
(255, 8, '2022/01/09', 'THUSHARA JAMES', 'LEGAL ENVIRONMENT OF BUSINESS', 'E M JAY OFFSET PRINTERS', '2008', '348', '260', NULL),
(256, 8, '2022/01/09', 'M C KUCHHAL', 'LEGAL ENVIRONMENT OF BUSINESS', 'VIKAS PUBLISHING HOUSE PVT.LTD', '2013', '364', '-', NULL),
(257, 8, '2022/01/09', 'DR. K G C NAIR,DR.JAYAN,DR.YOHANNAN & PROF.E A MAJEED', 'CORPORATE REGULATIONS & GOVERNANCE', 'CHAND PUBLICATIONS', '-', '5.36', '100', NULL),
(258, 8, '2022/01/09', 'M C KUCHHAL & VIVEK KUCHHAL', 'BUSINESS LAW', 'VIKAS PUBLISHING HOUSE', '2018', '449', '450', NULL),
(259, 8, '2022/01/09', 'J SANTHU', 'COMPANY LAW & SECRETARIAL PRACTICE', 'MARGHAM PUBLICATIONS', '2019', '-', '170', NULL),
(260, 8, '2022/01/09', 'LR Potti', 'Business Laws', 'Yamuna Publication', '1872', '0-20', '-', NULL),
(261, 8, '2022/01/09', 'KC Garg, VK Saneen, Mukesh Sarma, R C Chawla', 'Legal Environment and Buisness', 'Kalyani Publishers', '2008', '125', '250', NULL),
(262, 8, '2022/01/09', 'RC Sharma, Krishna Mohan', 'Business Correspondance and Report Writing', 'Tata McGraw Hill Publishing', '-', '322', '-', NULL),
(263, 8, '2022/01/09', 'R.S.N Pillai, Bagavathi', 'Business Law', 'S. Chand and Company Ltd', '1999', '421', '-', NULL),
(264, 8, '2022/01/09', 'Bishwanath Ghosh, MC Kuchhal', 'Business Ethics and Corporate Governance', 'Vishal Publishing House', '-', '246', '-', NULL),
(265, 8, '2022/01/09', 'M.C Kuchhal', 'Legal Environment and Buisness', 'Vikas Publishing House', '-', '364', '-', NULL),
(266, 8, '2022/01/09', 'Biswanath Ghosh, M.C Kuchhal', 'Business Ethics and Corporate Governance', 'Vishal Publishing House', '-', '246', '-', NULL),
(267, 10, '2022/01/09', 'Nagendra V Chowdary', 'Corporate Communication', 'ICFAI university', '-', '163', '-', NULL),
(268, 10, '2022/01/09', 'Asha Kavl', 'Buisness Communication', 'Prentice- Hall of India Pvt Ltd', '1998', '121', '-', NULL),
(269, 10, '2022/01/09', 'R K Madhvkar', 'Buisness Communication and Customer Relations', 'Vikas Publishing House Pvt Ltd', '-', '247', '150', NULL),
(270, 10, '2022/01/09', 'Urmila Rai, SM Rai', 'Buisness Communication', 'Himalayan Publicating House', '1999', '365', '125', NULL),
(271, 10, '2022/01/09', 'Varinder Kumar', 'Buisness Communication', 'Kalyani Publishers', '2008', '21.5', '95', NULL),
(272, 10, '2022/01/09', 'MK Sehgal, Vandana Khetarpal', 'Buisness Communication', 'Excel books publications', '2006', '476', '295', NULL),
(273, 10, '2022/01/09', 'Lesikar, Flatley', 'Buisness Communication', 'Tata McGraw- Hill Edition', '-', '592', '-', NULL),
(274, 10, '2022/01/09', 'K.K Sinha', 'Buisness Communication', 'Galgotia Publishing House', '-', '654', '250', NULL),
(275, 10, '2022/01/09', 'Rajendra Pal, J S Korlahalli', 'Buisness Communication', 'Sultan Chand and Sons', '-', 'OC-72', '-', NULL),
(276, 10, '2022/01/09', 'Dr KGC Nair, Dr Jayan, Dr. Yohannan', 'Buisness Communication and Management Information System', 'Chand Books', '-', '5.46', '80', NULL),
(277, 10, '2022/01/09', 'Rajendra Pal  & J.S. Korlahalli', 'Business Communication', 'Sultan Chand & Sons', '', 'OC-72', '110', NULL),
(278, 10, '2022/01/09', 'M. S. Ramesh & C.C. Pattanshetti', 'Business Communication', 'R Chand & Co.', '1977', '750', '', NULL),
(279, 10, '2022/01/09', 'P.N. Reddy,H. R. Appannaiah,H.L.Nagaraj & B.S. Raja Rao', 'Essentials of Business Communication', 'Himalaya Publications', '1999', '333', '110', NULL),
(280, 10, '2022/01/09', 'Lesikan & Pettit', 'Business Communication - Theory & Application', 'Richard D Irwin & Inc.', '2002', '754', '285', NULL),
(281, 13, '2022/01/09', 'K ASWATHAPPA', 'ORGANISATIONAL BEHAVIOUR', 'HIMALAYA PUBLISHING HOUSE', '2003', '591', '250', NULL),
(282, 13, '2022/01/09', 'K ASWATHAPPA', 'ORGANISATIONAL BEHAVIOUR', 'HIMALAYA PUBLISHING HOUSE', '2003', '587', '250', NULL),
(283, 13, '2022/01/09', 'L M PRAKASH', 'ORGANISATIONAL BEHAVIOUR', 'SULTAN CHAND & SONS', '2001', '672', '150', NULL),
(284, 13, '2022/01/09', 'FRED LUTHANS', 'ORGANISATIONAL BEHAVIOUR', 'MC GRAW HILL', '2002', '644', '-', NULL),
(285, 13, '2022/01/09', 'JON L PIERCE,DONALD G GARDENER & RONDALL B DUNHAM', 'MANAGEMENT', 'THOMSON-SOUTH-WESTERN', '2007', '703', '-', NULL),
(286, 13, '2022/01/09', 'PAUL HERSEY,KENNETH H BLANCHARD & DEWEY E JOHNSON', 'MANAGEMENT OF ORGANISATIONAL  BEHAVIOUR', 'PRENTICE HALL OF INDIA PVT.LTD', '2002', '516', '195', NULL),
(287, 13, '2022/01/09', 'UDAI PAREEIL', 'UNDERSTANDING ORGANISATIONAL BEHAVIOUR', 'OXFORD UNIVERSITY PRESS', '2004', '548', '235', NULL),
(288, 13, '2022/01/09', 'FRED LUTHANS', 'ORGANISATIONAL BEHAVIOUR', 'MC GRAW HILL', '2002', '644', '', NULL),
(289, 13, '2022/01/09', 'R S DWIVEDI', 'HUMAN RELATIONS & ORGANIZATIONAL BEHAVIOUR', 'MAC MILLIAN', '2001', '909', '298', NULL),
(290, 13, '2022/01/09', 'FRED LUTHANS', 'ORGANIZATIONAL BEHAVIOUR', 'IRWIN MC GRAW HILL', '1998', '667', '-', NULL),
(291, 13, '2022/01/09', 'J S CHANDAN', 'ORGANIZATIONAL BEHAVIOUR', 'VIKAS PUBLISHING HOUSE', '2013', '234', '-', NULL),
(292, 13, '2022/01/09', 'SV S KHANKA', 'ORGANIZATIONAL BEHAVIOUR', 'S CHAND & CO.LTD', '2000', '291', '150', NULL),
(293, 13, '2022/01/09', 'STEPHEN P ROBBINS', 'ORGANIZATIONAL BEHAVIOUR', 'PRENTICE HALL OF INDIA PVT.LTD', '2002', '643', '350', NULL),
(294, 13, '2022/01/09', 'DR. R K SHARMA & SHASHI K GUPTA', 'MANAGEMENT PROCESS OF ORGANIZATIONAL BEHAVIOUR', 'KALYANI PUBLICATIONS', '2009', '521', '225', NULL),
(295, 13, '2022/01/09', 'THOMAS G CUMMINGS & CHRISTOPHER G WORLEY', 'ORGANIZATION DEVELOPMENT & CHANGE', 'THOMSON', '2007', '694', '-', NULL),
(296, 13, '2022/01/09', 'K ASWATHAPPA', 'ORGANISATIONAL BEHAVIOUR', 'HIMALAYA PUBLISHING HOUSE', '2007', '676', '360', NULL),
(297, 13, '2022/01/09', 'SIOCUM HELLRIEGER', 'FUNDAMENTALS OF ORGANIZATIONAL BEHAVIOUR', 'THOMSON', '2007', '478', '-', NULL),
(298, 13, '2022/01/09', 'BPP LEARNING MEDIA', 'ORGANISATIONS & BEHAVIOUR', 'VIVA BOOKS', '2004', '250', '245', NULL),
(299, 13, '2022/01/09', 'JS CHANDRAN,P J AQUINAS,DR.NIDHI MATHUR & DR.YERRAM RAJU', 'MANAGING ORGANISATIONAL CHANGE & DEVELOPMENT', 'VIKAS PUBLISHING HOUSE PVT. LTD', '2013', '249', '-', NULL),
(300, 15, '2022/01/09', 'Francis Cherunilam', 'International Business', 'wheeler Publishing', '2001', '528', '235', NULL),
(301, 15, '2022/01/09', 'K Aswathappa', 'International Business', 'Tata McGraw Hill Publishing Company Ltd', '2003', '503', '630', NULL),
(302, 15, '2022/01/09', 'Donal A Ball,Paul, Wendall & Michael S. Minor', 'International Business - The challenge of Global competition.', 'McGraw Hill Inc.', '2002', '710', '900', NULL),
(303, 15, '2022/01/09', 'G.R.K Murthy', 'Forex Markets', 'ICFAI Press', '2004', '163', '300', NULL),
(304, 15, '2022/01/09', 'Sentil Ganesan', 'Global Brands Case Studies', 'ICFAI Press', '2002', '175', '300', NULL),
(305, 15, '2022/01/09', 'Aby Thomas, Sobith Mathew & Shijo Varghese', 'International Finance', 'Prakash Publications', '2017', '212', '140', NULL),
(306, 15, '2022/01/09', 'P.SUBBA RAO', 'INTERNATIONAL BUSINESS', 'HIMALAYA PUBLISHING HOUSE', '2019', '622', '699', NULL),
(307, 15, '2022/01/09', 'P.SUBBA RAO', 'INTERNATIONAL BUSINESS', 'HIMALAYA PUBLISHING HOUSE', '2016', '622', '500', NULL),
(308, 15, '2022/01/09', 'FRANCIS CHERUNILAM', 'INTERNATIONAL BUSINESS', 'PHI LEARNING PVT. LTD', '2020', '558', '558', NULL),
(309, 15, '2022/01/09', 'K ASWATHAPPA', 'INTERNATIONAL BUSINESS', 'MC GRAW HILL', '2020', '819', '745', NULL),
(310, 15, '2022/01/09', 'DR. C B GUPTA', 'INTERNATIONAL BUSINESS', 'S CHAND', '2014', '300', '325', NULL),
(311, 15, '2022/01/09', 'CHARLES W HILL,THOMAS HULT,ROHIT MEHTANI', 'INTERNATIONAL BUSINESS', 'MC GRAW HILL', '2019', '835', '560', NULL),
(312, 15, '2022/01/09', 'SUMATI VARMA', 'FUNDAMENTALS OF INTERNATIONAL BUSINESS', 'PEARSON', '', '339', '640', NULL),
(313, 15, '2022/01/09', 'SUMATI VARMA', 'INTERNATIONAL BUSINESS', 'PEARSON', '2018', '310', '', NULL),
(314, 15, '2022/01/09', 'RAKESH MOHAN JOSHY', 'INTERNATIONAL BUSINESS', 'OXFORD UNIVERSITY PRESS', '2019', '912', '850', NULL),
(315, 17, '2022/01/09', 'PC Tripathi & PN Reddy', 'Principles of Management', 'Tata McGraw Hill Publishing Company Ltd', '2001', '323', '-', NULL),
(316, 17, '2022/01/09', 'TN Chhabra', 'Principles & Practice of Management', 'Dhanpat Rai & Co', '2002', '880', '130', NULL),
(317, 17, '2022/01/09', 'Ratnaja Gogula', 'Knowledge Management', 'ICFAI Press', '2002', '197', '300', NULL),
(318, 17, '2022/01/09', 'Colonel VRK Prasad', 'Managerial Effectiveness', 'ICFAI Press', '2003', '196', '360', NULL),
(319, 17, '2022/01/09', 'Harold Koontz & Heinz Weihrich', 'Essentials of management', 'Tata McGraw Hill Publishing Company Ltd', '2001', '530', '-', NULL),
(320, 17, '2022/01/09', 'James A.F. Stoner , R. Edward & Daniel R. Gilbert J6', 'Management', 'Prentice- Hall of India Private Ltd.', '2001', '628', '', NULL),
(321, 17, '2022/01/09', 'BPP Learning Media', 'Mangament', 'Viva Books Private Ltd.', '2009', '730', '495', NULL),
(322, 17, '2022/01/09', 'Naveen Das', 'Management Insights', 'ICFAI Press', '2004', '161', '300', NULL),
(323, 17, '2022/01/09', 'Heinz Weihrich & Harold Koontz', 'Management', 'Tata McGraw Hill Publishing Company Ltd', '2001', '744', '-', NULL),
(324, 17, '2022/01/09', 'Arjun Kirpalani', 'Maximum Management', 'Excel Books', '2002', '279', '185', NULL),
(325, 17, '2022/01/09', 'Peter F Drucker', 'Managing in Turbulent Times', 'Harper Business', '1980', '237', '15$', NULL),
(326, 17, '2022/01/09', 'S.K Chakraborthy', 'Foundations of Managerial Works', 'Himalaya Publishing House', '1998', '335', '150', NULL),
(327, 17, '2022/01/09', 'L M Prasad', 'Principles & Practice 0f Management', 'Sultan Chand & Sons', '2020', '536', '495', NULL),
(328, 17, '2022/01/09', 'Dr. Shruti Mathur & Dr. C B Gupta', 'Management Principles & Applications', 'MKM Publisher\'s Pvt Ltd', '2020', '24.32 & A 17', '425', NULL),
(329, 18, '2022/01/09', 'Rosy Joshi & Munish Kapila', 'Environment management', 'Kalyani Publishers', '2008', '13.5', '110', NULL),
(330, 18, '2022/01/09', 'Francis Cuerunilam', 'Global Economy and Business Environment', 'Himalaya Publishing House', '2001', '380', '175', NULL),
(331, 18, '2022/01/09', 'G N Pandey', 'Environment management', 'Vikas Publishing House', '2002', '398', '180', NULL),
(332, 18, '2022/01/09', '', 'Master of Business Administration', 'Mahatma Gandhi University', '2002', '', '', NULL),
(333, 18, '2022/01/09', 'R.K Sharma & Shashi K Gupta', 'Business Organisation and office Management', 'Kalyani Publishers', '2001', '395', '70', NULL),
(334, 18, '2022/01/09', 'Y.K  Bhushan', 'Fundamentals of Business Organisations and Management', 'Sultan Chand & Sons', '2,002$', '852', '145', NULL),
(335, 18, '2022/01/09', 'Rory Sullivan &Hugh Wyndham', 'Effective Environmental Management', 'Viva Publications', '2007', '246', '395', NULL),
(336, 18, '2022/01/09', 'B.P Singh &  T. N Chhabra', 'Business Organisation and office Management', 'Dhanpat Rai & Co.', '2008', '837', '165', NULL),
(337, 18, '2022/01/09', 'Prof. Subbasis Ray, Dr. Ravichandran,Guridhar Joshi &Harjit Singh', 'Retail Business Management', 'Vikas Publishing House Private Ltd.', '2013', '-', '274', NULL),
(338, 18, '2022/01/09', 'Dr. CSG. Krisnakumar Charyulu,Dr. Lalitha Ramakrishnan,Dr. Lalitha Ramakrishnan & KM Pathi', 'Performance Management', 'Vikas Publishing House Private Ltd.', '2013', '213', '-', NULL),
(339, 18, '2022/01/09', 'Dr. CSG. Krisnakumar Charyulu,Dr. Lalitha Ramakrishnan &KM Pathi', 'Performance Management', 'Vikas Publishing House Private Ltd.', '2013', '213', '-', NULL),
(340, 18, '2022/01/09', 'Y.K  Bhushan', 'Fundamentals of Business Organisations and Management', 'Sultan Chand & Sons', '2002', '852', '155', NULL),
(341, 18, '2022/01/09', 'Francis Cuerunilam', 'Business Environment and Policy', 'Himalaya Publishing House', '2001', '665', '190', NULL),
(342, 18, '2022/01/09', 'Raj Agarwal', 'Business Environment', 'Excel Books', '', '818', '295', NULL),
(343, 18, '2022/01/09', 'Susan L. Cutter', 'Environmental Risks and Hazards', 'Prentice - Hall of India Private Ltd.', '1999', '413', '195', NULL),
(344, 18, '2022/01/09', 'Mary Jo Hatch & Ann E. Cunliffe', 'Organization Theory', 'Oxford University Press', '2005', '370', '1100', NULL),
(345, 18, '2022/01/09', 'Francis Cuerunilam', 'Business Environment', 'Himalaya Publishing House', '2002', '710', '225', NULL),
(346, 33, '2022/01/09', 'Peter Singer', 'Practical Ethics', 'Cambridge University Books', '2003', '395', '250', NULL),
(347, 33, '2022/01/09', 'Jadunath Sinha', 'A Manual  of Ethics', 'New Central Books Agency (P) Ltd.', '2001', '388', '85', NULL),
(348, 33, '2022/01/09', 'S.A . Sherlekar', 'Ethics in Management', 'Himalaya Publishing House', '1999', '166', '98', NULL),
(349, 33, '2022/01/09', 'Joseph W. Weiss', 'Businesd Ethics', 'Thomson', '2006', '487', '', NULL),
(350, 33, '2022/01/09', 'Dr. Rituparna Raj', 'A Study in Business Ethics', 'Himalaya Publishing House', '2001', '166', '125', NULL),
(351, 33, '2022/01/09', 'Larue Tone Hosmer', 'The Ethics of Management', 'UBS Publishers', '2001', '183', '85', NULL),
(352, 33, '2022/01/09', 'Manuel G. Velasquez', 'Businesd Ethics', 'Pearson Education', '2003', '528', '', NULL),
(353, 33, '2022/01/09', 'LAURA P HARTMAN', 'BUSINESS ETHICS PRESPECTIVES', 'TATA MAC GRAW HILL', '2003', '811', '', NULL),
(354, 33, '2022/01/09', 'DR.S SANKARAN', 'BUSINESS ENVIRONMENT', 'MERGHAN', '2014', '609', '200', NULL),
(355, 33, '2022/01/09', 'DR.S SANKARAN', 'BUSINESS ETHICS & VALUE', 'MERGHAN', '2019', '609', '160', NULL),
(356, 9, '2022/01/09', 'Qazi Zameeruddin Khanna & Bhambri', 'Business Mathematics', 'Vikas Publication House PVT LTD', '2002', '830', '165', NULL),
(357, 9, '2022/01/09', 'Jean-Paul Tremblay and R. Manohar', 'Discrete Mathematical Structure with Application to Computer Science', 'Tata McGraw Hill Publishing Co. Ltd', '1997', '589', '-', NULL),
(358, 9, '2022/01/09', 'Frank Harary', 'Graph Theory', 'Narosa Publishing House', '1988', '286', '', NULL),
(359, 9, '2022/01/09', 'S.C. Gupta & V K Kapoor', 'Fundamentals of Mathematical Statistics', 'Sultan Chand & Sons', '2002', '20.28', '250', NULL),
(360, 20, '2022/01/09', 'K Aswathappa', 'Human Resources Management', 'Tata McGraw Hill Publishing Company Ltd', '2008', '723', '', NULL),
(361, 20, '2022/01/09', 'Dipak Kumar Bhattacharyga', 'Human Resources Management', 'Excel Books', '2002', '566', '295', NULL),
(362, 20, '2022/01/09', 'Dr. P. Subba. Rao', 'Human Resources Management industrial relations', 'Himalaya Publishing House', '2002', '790', '', NULL),
(363, 20, '2022/01/09', 'Dr.P.Subba. Rao', 'Personal and Human resource Msnagement', 'Himalaya Publishing', '2002', '447', '', NULL),
(364, 20, '2022/01/09', 'Dr.P.Subba. Rao', 'Essentials of human resource management and industrial relations', 'Himalaya Publishing', '2002', '789', '', NULL),
(365, 20, '2022/01/09', 'R.V Badi & Hundekar', 'International Human Resource Management', 'Vrinda Publications (P)Ltd.', '2008', '412', '200', NULL),
(366, 20, '2022/01/09', 'Michael- Armstrong', 'Employee Reward', 'University Press India Ltd.', '1998', '421', '425', NULL),
(367, 20, '2022/01/09', 'Mirza Saiyadain', 'Human Resource Management', 'Tata McGraw Hill Publishing Company Ltd.', '2003', '509', '520', NULL),
(368, 20, '2022/01/09', 'Biswajeet Pattanayak', 'Human Resource Management', 'Prentice- Hall of India Private Ltd.', '2003', '429', '250', NULL),
(369, 20, '2022/01/09', 'R.S Dwivedi', 'Human Resource Management', 'Vikas Publishing House Private Ltd.', '2007', '397', '195', NULL),
(370, 20, '2022/01/09', 'Garry D Essler', 'Human Resource Management', 'Prentice- Hall of India Private Ltd.', '2001', '715', '295', NULL),
(371, 20, '2022/01/09', 'V K Sharma', 'Human Resource Management', 'Viva Books Private Ltd.', '2002', '142', '195', NULL),
(372, 20, '2022/01/09', 'A Mukund', 'Human Resource Management', 'The ICFAI University', '2004', '180', '300', NULL),
(373, 20, '2022/01/09', 'Robert . L . Mathis & John H. Jackson', 'Human Resource Management', 'Thompson South Western', '2005', '650', '', NULL),
(374, 20, '2022/01/09', 'Sumati Reddy', 'Workforce Driver-rity', 'The ICFAI University', '2003', '204', '300', NULL),
(375, 20, '2022/01/09', 'P V L Raju', 'Human Resources The Emerging Profile', 'The ICFAI University', '2003', '110', '300', NULL);
INSERT INTO `books` (`bid`, `subid`, `dateofacc`, `author`, `title`, `publisher`, `year`, `nopages`, `price`, `shelfno`) VALUES
(376, 20, '2022/01/09', 'M.G University', 'Human Resource Management', '', '', '', '', NULL),
(377, 20, '2022/01/09', 'R.K SAHU', 'Training For Development', 'Excel Books', '2006', '331', '250', NULL),
(378, 20, '2022/01/09', 'J. Kevin Ford & Irwin L. Goldstein', 'Training in Organizations', 'Thomsons Wadsworth', '2007', '410', '', NULL),
(379, 20, '2022/01/09', 'C S Venkata Ratnam & B K Srivastava', 'Personal and Human resource Management', 'Tata McGraw Hill Publishing Company Ltd', '1999', '348', '', NULL),
(380, 20, '2022/01/09', 'Derek Biddle &Robin  Evenden', 'Human  Aspects of Management', 'Jaico Publication House', '2002', '234', '185', NULL),
(381, 20, '2022/01/09', 'Heizer and Nathan', 'Total Quality Management Manufacturing and services', 'Thomsons', '2005', '238', '', NULL),
(382, 20, '2022/01/09', 'Daleth Besterfield,Carol Besterfield Michna,Glen H Besterfield & Mary Besterfield - Sacre', 'Total Quality Management', 'Pearson Education Asia', '2001', '533', '', NULL),
(383, 20, '2022/01/09', 'Dr.  Uday Komar Haldar', 'Total Quality Management Text and Cases', 'Dhanpat Rai & Co', '2007', 'C-102', '175', NULL),
(384, 20, '2022/01/09', 'A. M Sheikh', 'Human Resource Development and Management', 'Schand and Company Ltd.', '1999', '269', '300', NULL),
(385, 20, '2022/01/09', 'Arun Monappa & Manrukh Engineer', 'Liberalisation and Human Resource Management', 'Response Books', '1999', '217', '195', NULL),
(386, 20, '2022/01/09', 'Sumati Reddy', 'Performance Management Concepts and Cases', 'The ICFAI books', '2004', '184', '300', NULL),
(387, 20, '2022/01/09', 'R. C Goyal', 'Human Resource Management in Hospitals', 'Prentice- Hall of India Private Ltd.', '2002', '386', '225', NULL),
(388, 20, '2022/01/09', 'KM Pathi,PG Aquinas,SC srinivastava', 'Compensation Management', 'Vikas Publications House', '2013', '238', '', NULL),
(389, 20, '2022/01/09', 'B.D. Singh', 'Compensation & Reward Management', 'Excel Books', '2007', '383', '295', NULL),
(390, 20, '2022/01/09', 'Arun Monappa & Mizra S Saiyadain', 'Personnel Management', 'Tata Mcgraw Hill Publishing Company Ltd.', '2002', '416', '', NULL),
(391, 20, '2022/01/09', 'Roger Buckley & Jim Cadle', 'The Theory Practice of Training', 'Kogan Page', '2004', '324', '395', NULL),
(392, 20, '2022/01/09', 'R.K. Sahu', 'Training for Development- All you need to Know', 'Excel Books', '2006', '331', '250', NULL),
(393, 20, '2022/01/09', 'V.V. Ramani & K Guruswami', 'Talent Management', 'ICFAI', '2003', '188', '300', NULL),
(394, 20, '2022/01/09', 'S. K Chaterjee', 'Personnel Management and Industrial Relations', 'Surjeet Publications', '1992', '368', '45', NULL),
(395, 20, '2022/01/09', 'N.G.Nair & Latha Nair', 'Personnel Management and Industrial Relations', 'S.Chand', '2001', '548', '210', NULL),
(396, 20, '2022/01/09', 'B.D. Singh', 'Compensation & Reward Management', 'Excel Books', '2007', '383', '295', NULL),
(397, 20, '2022/01/09', 'Arun Monappa & Mizra S Saiyadain', 'Personnel Management', 'Tata Mcgraw Hill Publishing Company Ltd.', '2002', '416', '', NULL),
(398, 20, '2022/01/09', 'Roger Buckley &Jim Cadle', 'The Theory Practice of Training', 'Kogan Page', '2004', '324', '395', NULL),
(399, 20, '2022/01/09', 'R.K. Sahu', 'Training for Development- All you need to Know', 'Excel Books', '2006', '331', '250', NULL),
(400, 20, '2022/01/09', 'V.V. Ramani & K Guruswami', 'Talent Management', 'ICFAI', '2003', '188', '300', NULL),
(401, 20, '2022/01/09', 'S. K Chaterjee', 'Personnel Management and Industrial Relations', 'Surjeet Publications', '1992', '368', '45', NULL),
(402, 20, '2022/01/09', 'N.G.Nair & Latha Nair', 'Personnel Management and Industrial Relations', 'S.Chand', '2001', '548', '210', NULL),
(403, 20, '2022/01/09', 'B.D. Singh', 'Compensation & Reward Management', 'Excel Books', '2007', '383', '295', NULL),
(404, 20, '2022/01/09', 'P.G. Aquinas ,J.S. Chandan & K.M.Pathi', 'Traning & Development', 'Vikas Publishing House', '2013', '229', '', NULL),
(405, 20, '2022/01/09', 'C.B.Mamoria & S.V. Gankar', 'Personnel Management', 'Himalaya Publication House', '2002', '932', '250', NULL),
(406, 20, '2022/01/09', 'Flippo & Edwin B', 'Personnel Management', 'Mcgraw Hill International Edition', '1984', '607', '', NULL),
(407, 20, '2022/01/09', 'Gagandeep Kaur,J.S. Chandan, Dr. CSG Krishnamacharyulu & Dr. Anjanee Sethi', 'Counselling skills for managers', 'Vikas Publication House Prvt. Ltd.', '2013', '241', '', NULL),
(408, 20, '2022/01/09', 'Dr. CSG Krishnamacharyulu,Dr. Lalitha &Ramakrishnan', 'Counselling skills for managers', 'Vikas Publications House Prvt. Ltd', '2009', '150', '', NULL),
(409, 20, '2022/01/09', 'K Aswathappa', 'Human Resource Management - Text & Cases', 'Mc Graw Hill Education (India) Private Limited', '2019', '858', '', NULL),
(410, 20, '2022/01/09', 'Noe Hollenbeck Gerhart Wright', 'Fundamentals of Human Resources Management', 'Mc Graw Hill Education (India) Private Limited', '2019', '550', '699', NULL),
(411, 20, '2022/01/09', 'C B Gupta', 'Human Resource Management - Text & Cases', 'Sultan Chand & Sons', '2017', '38.36 & A 46', '570', NULL),
(412, 20, '2022/01/09', 'Sharon Pande & Swapnalekha Basak', 'Human Resource Management - Text & Cases', 'Vikas Publishing House Pvt Ltd', '2018', '594', '599', NULL),
(413, 20, '2022/01/09', 'Gary Dessler & Biju varkkey', 'Human Resource Management', 'Pearson', '2020', '750', '899', NULL),
(414, 20, '2022/01/09', 'V S P Rao', 'Human Resource Management', 'Taxmann\'s', '2020', '385', '495', NULL),
(415, 20, '2022/01/09', 'Indian Institute of Banking & Finance', 'Human Resource Management', 'Macmillan Education', '2018', '454', '600', NULL),
(416, 20, '2022/01/09', 'Shashi K Gupta & Rosy Joshi', 'Human Resource Management - Text & Cases', 'Kalyani Publishers', '2018', '49.29', '550', NULL),
(417, 20, '2022/01/09', 'P Subba Rao', 'Personnal & Human Resource Management', 'Himalaya Publishing House', '2020', '476', '498', NULL),
(418, 30, '2022/01/09', 'Dr. L. Natarajan', 'Practical Auditing', 'Margam Publications', '2017', '264', '150', NULL),
(419, 30, '2022/01/09', 'V. S. Raman', 'Auditing', 'United Publishers', '2011', '630', '350', NULL),
(420, 30, '2022/01/09', 'Pradeep Kumar, Baldev Sacheleva & Jagwant Singh', 'Practical Auditing', 'Kalyani Publications', '2012', '230', '120', NULL),
(421, 30, '2022/01/09', 'Dr. B Gopakumar, Preetha Pillai, T.R Muthumon& Sunil Chandran', 'Auditing', 'Shobha Publications', '2015', '192', '120', NULL),
(422, 30, '2022/01/09', 'M M Abraham', 'Practical Auditing', 'Prakash Publications', '2017', '232', '130', NULL),
(423, 30, '2022/01/09', 'Dr. K.G.C Nair, Dr. Jayan & Dr. Suman Alexander', 'Practical Auditing', 'Chand Publications', '', '5.26', '120', NULL),
(424, 30, '2022/01/09', 'Dr. Gopakumar, Sunil S pillai & Muthumon', 'Auditing', 'Shobha Publications', '2015', '192', '126', NULL),
(425, 30, '2022/01/09', 'Dr. B.N Tandon& Dr.S. Sudarchan & Sundhara', 'A Handbook of Practical Auditing', 'S.Chand', '2018', '653', '450', NULL),
(426, 30, '2022/01/09', 'Dr. B.N Tandon& Dr.S. Sudarchan & S Sundharabahu', 'A Handbook of Practical Auditing', 'S.Chand', '2018', '653', '450', NULL),
(427, 30, '2022/01/09', 'Dr. L Natarajan', 'Practical Auditing', 'Margam Publications', '2018', '', '170', NULL),
(428, 30, '2022/01/09', 'S. Vengadamani', 'Practical Auditing', 'Margam Publications', '2017', '', '160', NULL),
(429, 30, '2022/01/09', 'Pankaj Kumar Roy', 'Auditing', 'Oxford Higher Education', '2017', '303', '325', NULL),
(430, 30, '2022/01/09', 'S K Basu', 'Auditing Principles & Techniques', 'Pearson', '2006', '616', '589', NULL),
(431, 36, '2022/01/09', 'Joy A Palmer, Liora Bresler & David E Cooper', 'Fifty Great Modern Thinkers on Education ', 'Fundation Books', '2004', '290', '', NULL),
(432, 36, '2022/01/09', 'Phil Race ', '500 Tips on Group Learning ', 'Crest Publishing House ', '2004', '135', '', NULL),
(433, 36, '2022/01/09', 'Ali Ashraf & L N Sharma ', 'Political Sociology ', 'Universities Press ', '2001', '200', '', NULL),
(434, 36, '2022/01/09', 'Mary Bragg ', 'Reinventing Influence ', 'MacMillan', '1999', '255', '', NULL),
(435, 36, '2022/01/09', 'A.P.J Abdul Kalam & A Shivathanu Pillai', 'Envisipning an empowered Nation', 'Tata McGraw-Hill Publishing Co Ltd ', '2004', '255', '', NULL),
(436, 36, '2022/01/09', 'Ray Moynihan & Alan Cassels ', 'Selling Sickness', 'Alan & Unwin Viva Books Pvt. Lts', '2008', '254', '', NULL),
(437, 36, '2022/01/09', 'Marilyn Andrewson, Promod K Nair & Maducchandra Sen ', 'Citical Thinking, Academic Writing & Presentation Skill', 'Mahatma Gandhi University & Pearson ', '2014', '178', '', NULL),
(438, 36, '2022/01/09', 'Jacqueline P Leighton & Robert J Sternber', 'The Nature of Reasoning ', 'Cambridge University Press ', '2004', '470', '', NULL),
(439, 36, '2022/01/09', 'Dawn E Reno ', 'The Unofficial Guide to Managing Time ', 'IDG Books India  (P) Ltd', '2000', '440', '', NULL),
(440, 36, '2022/01/09', 'Daniel Jones ', 'Cambridge English Pronouncing Dictionory ', 'Cambridge University Press ', '2011', '580', '', NULL),
(441, 36, '2022/01/09', 'Dr. Sadasivan', 'Perspectives in Literature ', 'Foundation Books', '2014', '121', '', NULL),
(442, 36, '2022/01/09', 'Catherine Soanes , Alan Spooner & Sara Hawker', 'Oxford Dictionory Thresaurus &word Power Guide ', 'Oxford University Press', '2004', '1111', '', NULL),
(443, 36, '2022/01/09', 'Ian Mackenzie ', 'English For Business studies ', 'Cambridge University Press ', '2002', '157', '', NULL),
(444, 36, '2022/01/09', 'Ian Mackenzie ', 'English For Business studies ', 'Cambridge University Press ', '1998', '176', '', NULL),
(445, 36, '2022/01/09', 'Adrian Doff & Christopher Jones ', 'Language in Use ', 'Cambridge University Press ', '2004', '128', '', NULL),
(446, 36, '2022/01/09', 'Adrian Doff & Christopher Jones ', 'Language in Use ', 'Cambridge University Press ', '2004', '144', '', NULL),
(447, 36, '2022/01/09', 'Michael Agnes', 'Webstars New World College Dictionary ', 'Willey Dreamtech India Pvt Ltd ', '2004', '1716', '', NULL),
(448, 36, '2022/01/09', 'K Suresh ', 'Business Process Outsourcing ', 'ICFAI University Press ', '2003', '192', '', NULL),
(449, 36, '2022/01/09', 'K Suresh ', 'Business Process Outsourcing ', 'ICFAI University Press ', '2004', '179', '', NULL),
(450, 36, '2022/01/09', 'Angel Cabrera & Gregory ', 'Being Global ', 'Harward Business Publishing ', '2012', '478', '', NULL),
(451, 36, '2022/01/09', 'Dr.Antony Thomas& Dr.Tiya Mathews.', 'Dimension&Methodology of Business Studies', 'Pratibha Publication', '2010', '256', '', NULL),
(452, 36, '2022/01/09', 'G.Balachandran', 'Methodology&Perspectives of Busuness studies', 'Ane Books Pvt. Ltd.', '2010', '278', '', NULL),
(453, 36, '2022/01/09', 'Dr.Martin Patrick&Prof.Varghese Abraham', 'Methodology&Perspectives of Busuness studies', 'Pratibha Publication', '2015', '240', '', NULL),
(454, 36, '2022/01/09', 'D.Janardhanan.M.A', 'Prespectives in Literature', 'Learners Digital Press &Publishers', '', '32', '', NULL),
(455, 36, '2022/01/09', 'Lessa Sadasivan', 'Prespectives in Literature', 'Cambridge University Press ', '2015', '121', '', NULL),
(456, 36, '2022/01/09', 'Dr.Mathew Joseph', 'line Tune your English', 'Orient Black Swan Pvt. Ltd.', '2017', '229', '', NULL),
(457, 36, '2022/01/09', 'Prof.T.t.Kuriakose/ Prof.T.R.S.Iyer&Prof.George Cherian', 'Communication skills in English', 'Chorus PublicationsPvt.Ltd.', '2008', '208', '', NULL),
(458, 36, '2022/01/09', 'Prof.George Cherian/Prof.T.Jose&Shijna P.A.', 'Issues That Matter', 'Chorus PublicationsPvt.Ltd.', '2017', '224', '', NULL),
(459, 36, '2022/01/09', 'A..P.J.Abdul Kalam', 'Turnig points.', 'Harper Collins Publications India', '2012', '174', '', NULL),
(460, 35, '2022/01/09', '', 'Bank PO', 'CL Media (P) Ltd & G K Publications(P) Ltd', '', '569', '425', NULL),
(461, 35, '2022/01/09', 'Trueman\'s Series', 'NTA UGC NET /SET - Commerce', 'Trueman\'s Series', '2021', '992', '700', NULL),
(462, 35, '2022/01/09', 'Trueman\'s Series', 'NTA UGC NET /SET - Teaching & Research Aptitude', 'Trueman\'s Series', '2021', '648', '700', NULL),
(463, 16, '2022/01/09', 'W.S Jawadekar', 'Managemnet Information System', 'Tata McGrow Hill Company ', '2002', '726', '', NULL),
(464, 16, '2022/01/09', 'Robert Murdic, Joel Ross & James Clagget ', 'Information  System for Modern Management ', 'Prentie Hall of Inida (P) Ltd', '2001', '466', '195', NULL),
(465, 16, '2022/01/09', 'Amal Gindal ', 'Managemnet Information System', 'Kalyani Publishers', '2003', '302', '100', NULL),
(466, 16, '2022/01/09', 'Kenneth Lauden & Jane P Laudon ', 'Managemnet Information System', 'Kalyani Publishers', '2002', '547', '', NULL),
(467, 16, '2022/01/09', 'D.P Goyal ', 'Managemnet Information System', 'Macmillan Busienss Books & Macmillan India Ltd', '2002', '426', '198', NULL),
(468, 16, '2022/01/09', 'M.M Abraham & Gireesh Kumar ', 'Business Communication & Management Information System ', 'Prakash Publications ', '2013', '226', '110', NULL),
(469, 16, '2022/01/09', 'James \'O\'  Brien ', 'Management Information System', 'Tata McGrow Hill Company', '2001', '700', NULL, NULL),
(470, 16, '2022/01/09', 'Dr.KGC Nair , Dr. Jayan & Dr. Yohannan ', 'Business Communication & Management Information System ', 'Chand Publications ', '', '5.46', '80', NULL),
(471, 32, '2022/01/09', 'Dr. A.P Philip', 'Principles of Insurance ', 'Sobha Publishers ', '2015', '220', '100', NULL),
(472, 32, '2022/01/09', 'Muhammed Faizal & Dr. Sunnykutty Thomas', 'Principles of Insurance ', 'Prathiba Publishers  ', '2010', '', '97', NULL),
(473, 32, '2022/01/09', 'Abhishek Agarwal ', 'Reinsurance - Concepts & Cases ', 'ICFAI University Press ', '2004', '159', '300', NULL),
(474, 32, '2022/01/09', 'M.N Mishra & S.B Mishra', 'Insurance Principles & Practice  ', 'S.Chand', '2018', '1007', '499', NULL),
(475, 32, '2022/01/09', 'Dr. A Murthy ', 'Principles & Practice of Insurance ', 'Margham Publications ', '2018', '', '200', NULL),
(476, 32, '2022/01/09', 'M N Mishra & S B Mishra', 'Insurance -Principles & Practices', 'S Chand & Co', '2018', '1007', '499', NULL),
(477, 29, '2022/01/09', 'C.R.Kothari ', 'Research Methodology - Methods & Techniques', 'Wishwa Prakashan', '12 June 1905', '468', NULL, NULL),
(478, 29, '2022/01/09', 'C.R.Kothari &Gaurav Garg ', 'Research Methodology - Methods & Techniques', 'Newage International Publishers ', '11 July 1905', '458', '350', NULL),
(479, 29, '2022/01/09', 'Pagadala Suganda Devi', 'Research Methodology- A Handbook for Beginners', 'Notion Press.Com', '9 July 1905', '175', '365', NULL),
(480, 29, '2022/01/09', 'C R Kothari &  Gaurav Garg', 'Research Methodology- Methods  & Techniques', 'New Age  International Publishers', '13 July 1905', '458', '399', NULL),
(481, 29, '2022/01/09', 'Sanjay Kumar Verma', 'Research Methodology in Social Science', 'Ankit Publishing House', '4 July 1905', '288', '900', NULL),
(482, 29, '2022/01/09', 'S Kevin', 'Research Methodology for Social Sciences', 'Ane Books Pvt. Ltd', '13 July 1905', '211', '995', NULL),
(483, 29, '2022/01/09', 'O. R. Krishnaswami &  M Ranganatham', ' Methodology of Research in Social Sciences', 'Himalaya Publishing House', '11 July 1905', '445', '498', NULL),
(484, 29, '2022/01/09', 'C.R. Kothari, Gaurav Garg ', 'Research Methodology : Methods And Techniques (Multi Colour Edition)', 'New Age International Publishers', '1 September 2019', '480', '399', NULL),
(485, 24, '2022/01/09', NULL, '', 'Tata Mcgraw Hill Publishing Company Limited', '2001', '1124', NULL, NULL),
(486, 24, '2022/01/09', 'Mcgraw Hill Education (India) Prvt. Ltd', '2015', '1070', '672', '', '', NULL),
(487, 24, '2022/01/09', 'Tata Mcgraw Hill Publishing Company Limited', '1998', '30.13', '', '', '', NULL),
(488, 24, '2022/01/09', 'Vikas Publishing House Pvt. Ltd', '2013', '318', '', '', '', NULL),
(489, 24, '2022/01/09', 'Vikas Publishing House Pvt. Ltd', '2013', '238', '', '', '', NULL),
(490, 24, '2022/01/09', 'Vikas Publishing House Pvt. Ltd', '1999', '228', '', '', '', NULL),
(491, 24, '2022/01/09', 'S Chand & Company', '1999', '776', '250', '', '', NULL),
(492, 24, '2022/01/09', 'Vrinda Publication Private Limited', '2008', '987', '300', '', '', NULL),
(493, 24, '2022/01/09', 'Sultan Chand & Sons', '2002', 'G.36', '300', '', '', NULL),
(494, 24, '2022/01/09', 'Prentice Hall of India', '2002', '814', '325', '', '', NULL),
(495, 24, '2022/01/09', 'Prentice Hall of India', '2002', '446', '295', '', '', NULL),
(496, 24, '2022/01/09', 'Himalaya Publishing House', '2002', '862', '325', '', '', NULL),
(497, 24, '2022/01/09', 'Prentice Hall of India', '2000', '737', '325', '', '', NULL),
(498, 24, '2022/01/09', 'Prathibha Publications', '2014', '206', '100', '', '', NULL),
(499, 24, '2022/01/09', 'Vikas Publishing House Pvt. Ltd', '2018', '921', '750', '', '', NULL),
(500, 24, '2022/01/09', 'Mcgraw Hill ', '2019', 'I-10', '', '', '', NULL),
(501, 24, '2022/01/09', 'Margham Publications', '2019', '', '250', '', '', NULL),
(502, 24, '2022/01/09', 'McGraw- Hill Education (India) Private Limited', '2019', '1446', '538', '', '', NULL),
(503, 24, '2022/01/09', 'Vikas Publishing House PVT LTD', '2017', '921', '599', '', '', NULL),
(504, 24, '2022/01/09', 'McGrawHill', '2019', '1.6', '', '', '', NULL),
(505, 24, '2022/01/09', 'MG UNIVERSITY', 'FINANCIAL MANAGEMENT', NULL, NULL, NULL, NULL, NULL),
(506, 25, '2022/01/09', 'Punithavathy Pandian', 'Security Analysis & Portfolio Management', 'Vikas Publishing House Pvt. Ltd', '2002', '464', '', NULL),
(507, 25, '2022/01/09', 'V A Avadhani', 'Security Analysis & Portfolio Management', 'Himalaya Publishing House', '2000', '610', '240', NULL),
(508, 25, '2022/01/09', 'S Kevin', 'Security Analysis & Portfolio Management', 'Prentice Hall of India', '2007', '282', '195', NULL),
(509, 25, '2022/01/09', 'S Kevin', ' Portfolio Management', 'Prentice Hall of India', '2001', '170', '125', NULL),
(510, 25, '2022/01/09', 'S Kevin', ' Portfolio Management', 'Prentice Hall of India', '2000', '170', '125', NULL),
(511, 25, '2022/01/09', 'S Kevin', ' Portfolio Management', 'Prentice Hall of India', '2006', '224', '195', NULL),
(512, 25, '2022/01/09', 'Donald E Fischer &Ronald J Jordan', 'Security Analysis & Portfolio Management', 'Prentice Hall of India', '2002', '691', '250', NULL),
(513, 25, '2022/01/09', 'Donald E Fischer &Ronald J Jordan', 'Security Analysis & Portfolio Management', 'Pearson Education', '2003', '691', '', NULL),
(514, 25, '2022/01/09', 'E Meera & Punithavathy Pandian', 'Security Analysis & Portfolio Management', 'Vikas Publishing House Pvt. Ltd', '2013', '249', '', NULL),
(515, 25, '2022/01/09', 'Benjamin Graham', 'Security Analysis', 'Mc Graw Hill', '1988', '766', '2299', NULL),
(516, 25, '2022/01/09', 'Ranganathan & R Madhumathi', 'Security Analysis and Portfolio Management', 'Pearson', '2018', '766', '699', NULL),
(517, 25, '2022/01/09', 'Kevin S', 'Security Analysis and Portfolio Management', 'PHI Learning', '2019', '344', '325', NULL),
(518, 25, '2022/01/09', 'Donald E Fisher, Ronald J Jorden, AK Pradhan', 'Security Analysis and Portfolio Management', 'Pearson', '2019', '517', '729', NULL),
(519, 25, '2022/01/09', 'S K Singla, Manisha Gupta, Ruchika Jain', 'Security Analysis and Portfolio Management', 'V K Global Publications', '2021', '240', '175', NULL),
(520, 25, '2022/01/09', 'Prasanna Chandra', 'Investment Analysis and Portfolo Management', 'CFM- MC Graw-Hill', '', '734', '', NULL),
(521, 25, '2022/01/09', 'S L Gupta', 'Financial Derivatives', 'PHI Learning', '2017', '862', '795', NULL),
(522, 25, '2022/01/09', 'S S S Kumar', 'Financial Derivatives', 'PHI Learning', '2018', '401', '425', NULL),
(523, 25, '2022/01/09', 'V K Bhalla', 'Investment Management', 'S Chand', '2019', '1420', '650', NULL),
(524, 25, '2022/01/09', 'Ravi Patel', 'Guide to Technical Analysis & Candlestics', 'Buzzingstock Publishing', '2021', '205', '250', NULL),
(525, 12, '2022/01/09', 'D.N. Dwivedi', 'Essentials of Business Economics', 'Vikas Publishing House Prvt. Ltd', '2009', '452', '395', NULL),
(526, 12, '2022/01/09', 'D.N. Dwivedi', 'Managerial Economics', 'Vikas Publishing House Prvt. Ltd', '2002', '650', '185', NULL),
(527, 12, '2022/01/09', 'D.N. Dwivedi', 'Managerial Economics', 'Vikas Publishing House Prvt. Ltd', '', '779', '225', NULL),
(528, 12, '2022/01/09', 'Paul A Samuelson & William D Norohaus', 'Economics', 'Tata Mcgraw Hill Publishing Co. Ltd', '2002', '792', '', NULL),
(529, 12, '2022/01/09', 'Ruddar Datt & K.P.M Sundharam', 'Indian Economy', 'S. Chand & Co.', '2002', '942', '250', NULL),
(530, 12, '2022/01/09', 'Ruddar Datt & K.P.M Sundharam', 'Indian Economy', 'S. Chand & Co.', '', '960', '230', NULL),
(531, 12, '2022/01/09', 'D.N. Dwivedi', 'Managerial Economics', 'Vikas Publishing House Prvt. Ltd', '2015', '831', '550', NULL),
(532, 12, '2022/01/09', 'K K Dewett,J D Varma & M.L Sharma', 'Indian Economics', 'S. Chand & Co. Ltd', '', '690', '180', NULL),
(533, 12, '2022/01/09', 'I.C. Dhingra ', 'Managerial Economics', 'Sultan Chand', '2002', '1.8', '170', NULL),
(534, 12, '2022/01/09', ' H Craig Peterson & W Cris Lewis', 'Managerial Economics', 'Prentice Hall of India', '2002', '672', '250', NULL),
(535, 12, '2022/01/09', 'S.K Misra & V.K Puri', 'Indian Economy', 'Himalyala  Publishing House', '2001', '955', '275', NULL),
(536, 12, '2022/01/09', 'Adam Smith', 'The Wealth of Nations', 'Finger Print Classics', '2020', '1143', '249', NULL),
(537, 14, '2022/01/09', 'P G APTE', 'INTERNATIONAL FINANCIAL MANAGEMENT', 'MC GRAW HILL', '2019', '762', '490', NULL),
(538, 14, '2022/01/09', 'RAJIV SRIVASTAVA', 'INTERNATIONAL FINANCE', 'OXFORD UNIVERSITY PRESS', '2018', '736', '720', NULL),
(539, 14, '2022/01/09', 'V K BHALLA', 'INTERNATIONAL FINANCIAL MANAGEMENT', 'S CHAND', '2020', '1076', '726', NULL),
(540, 14, '2022/01/09', 'V SHARAN', 'INTERNATIONAL FINANCIAL MANAGEMENT', 'PHI LEARNING PVT.LTD', '2020', '558', '379', NULL),
(541, 14, '2022/01/09', 'S KEVIN', 'FUNDAMENTALS OF INTERNATIONAL FINANCIAL MANAGEMENT', 'PHI LEARNING PVT.LTD', '2018', '278', '252', NULL),
(542, 14, '2022/01/09', 'MAURICE D LEVI', 'INTERNATIONAL FINANCE', 'ROUTLEDGE NEPAL EDITION ', '2009', '582', '', NULL),
(543, 11, '2022/01/09', 'Suresh Bedi', 'Business Environment', 'Excel Books Pvt Ltd', '2019', '656', '995', NULL),
(544, 11, '2022/01/09', 'Shaikh Saleem ', 'Business Environment', 'Pearson', '2020', '834', '799', NULL),
(545, 11, '2022/01/09', 'Paul Wetherly & Dorron otter', 'The Business  Environement Themes & Issues', 'Oxford University Press', '2013', '482', '699', NULL),
(546, 11, '2022/01/09', 'Dr. Amit Kumar ', 'Business Environment', 'Sathitya Bhawan Publication ', '2021', '489', '395', NULL),
(547, 11, '2022/01/09', 'Justin Paul', 'Business Environment Text & Cases', 'McGraw Hill Education', '2019', '592', '556', NULL),
(548, 11, '2022/01/09', 'Faisal Ahmed & M Absar Alam', 'Business Environment Indian & Global Perspective', 'PHI Learning Pvt Ltd', '2017', '467', '495', NULL),
(549, 11, '2022/01/09', 'Francis Cherunilam', 'Business Environment Text & Cases', 'Himalaya Publishing House', '2019', '755', '710', NULL),
(550, 34, '2022/01/09', 'G M K Madanai', 'Introduction to Econometrics- Principles & Applications', 'CBS Publishers & Distributors, New Delhi', '2020', '454', '', NULL),
(551, 34, '2022/01/09', 'S Shyamala & Navdeep Kaur', 'A textbook on Econometrics - Theory & Applications', 'Vishal Publications, New Delhi', '2020', '532+Axx', '350', NULL),
(552, 34, '2022/01/09', 'Damodar N Gujarati, Dawn C Porter, Manoranjan Pal', 'Basic Econometrics', 'Mcgraw Hill Education (India) Pvt Ltd', '2021', '910', '', NULL),
(553, 23, '2022/01/09', 'K K VENUGOPAL', '', '211', '', '', '', NULL),
(554, 23, '2022/01/09', 'M M Abraham', '1st', '212', '', '', '', NULL),
(555, 23, '2022/01/09', 'R V Badi & N V Badi', '', '213', '', '', '', NULL),
(556, 23, '2022/01/09', 'Vijay Sathe', '1st', '214', '', '', '', NULL),
(557, 23, '2022/01/09', 'K R Sharma', '', '215', '', '', '', NULL),
(558, 23, '2022/01/09', 'D Gopalakrishnan & V E Ramamurthi', '4th', '216', '', '', '', NULL),
(559, 23, '2022/01/09', 'Harvey Maylor', '4th', '217', '', '', '', NULL),
(560, 23, '2022/01/09', 'Dr Vasant Desai', '4th', '218', '', '', '', NULL),
(561, 23, '2022/01/09', 'Jack R Medrediith & Samuel J Manttera', '4th', '219', '', '', '', NULL),
(562, 23, '2022/01/09', 'K Nagraja', '', '220', '', '', '', NULL),
(563, 23, '2022/01/09', 'SDr Vasant Desai', '2nd', '221', '', '', '', NULL),
(564, 23, '2022/01/09', 'Prasanna Chandra', '5th', '222', '', '', '', NULL),
(565, 23, '2022/01/09', 'Dr. PT Vijayashan & Dr.H Alagarasi', '1st', '223', '', '', '', NULL);

-- --------------------------------------------------------

--
-- Table structure for table `faculty`
--

DROP TABLE IF EXISTS `faculty`;
CREATE TABLE IF NOT EXISTS `faculty` (
  `fid` int(11) NOT NULL AUTO_INCREMENT,
  `username` varchar(20) NOT NULL,
  `email` varchar(50) NOT NULL,
  `phoneno` varchar(10) NOT NULL,
  `password` varchar(100) NOT NULL,
  PRIMARY KEY (`fid`),
  UNIQUE KEY `email` (`email`)
) ENGINE=InnoDB AUTO_INCREMENT=1 DEFAULT CHARSET=latin1;

--
-- Dumping data for table `faculty`
--

INSERT INTO `faculty` (`fid`, `username`, `email`, `phoneno`, `password`) VALUES
(1, 'gowtham', 'gowthamraghunathan@gmail.com', '8089964829', '1234');

-- --------------------------------------------------------

--
-- Table structure for table `fac_book_issue`
--

DROP TABLE IF EXISTS `fac_book_issue`;
CREATE TABLE IF NOT EXISTS `fac_book_issue` (
  `fbid` int(11) NOT NULL AUTO_INCREMENT,
  `book_acc` varchar(50) NOT NULL,
  `facname` varchar(50) DEFAULT NULL,
  `issue_date` date NOT NULL,
  `email` varchar(50) NOT NULL,
  `actual` date NOT NULL,
  `book_title` varchar(50) NOT NULL,
  `return_date` date DEFAULT NULL,
  `ret_stat` int(11) DEFAULT '0',
  `maildiff` int(11) DEFAULT NULL,
  `mailsent` int(11) DEFAULT '0',
  `fid` int(11) DEFAULT NULL,
  PRIMARY KEY (`fbid`),
  KEY `fid` (`fid`)
) ENGINE=InnoDB AUTO_INCREMENT=1 DEFAULT CHARSET=latin1;

-- --------------------------------------------------------

--
-- Table structure for table `student`
--

DROP TABLE IF EXISTS `student`;
CREATE TABLE IF NOT EXISTS `student` (
  `sid` int(11) NOT NULL AUTO_INCREMENT,
  `username` varchar(20) NOT NULL,
  `uprn` varchar(10) NOT NULL,
  `email` varchar(50) NOT NULL,
  `phoneno` varchar(10) NOT NULL,
  `password` varchar(100) NOT NULL,
  `role` varchar(3) NOT NULL,
  `tot` int(11) DEFAULT '0',
  `crtdate` date DEFAULT NULL,
  `exprydate` date DEFAULT NULL,
  `isexp` varchar(10) DEFAULT 'active',
  PRIMARY KEY (`sid`),
  UNIQUE KEY `uprn` (`uprn`)
) ENGINE=InnoDB AUTO_INCREMENT=1 DEFAULT CHARSET=latin1;

-- --------------------------------------------------------

--
-- Table structure for table `stud_book_issue`
--

DROP TABLE IF EXISTS `stud_book_issue`;
CREATE TABLE IF NOT EXISTS `stud_book_issue` (
  `sbid` int(11) NOT NULL AUTO_INCREMENT,
  `sid` int(11) DEFAULT NULL,
  `uprn` varchar(10) NOT NULL,
  `stname` varchar(30) NOT NULL,
  `book_title` varchar(100) DEFAULT NULL,
  `issue_date` date NOT NULL,
  `actual` date NOT NULL,
  `returned` date DEFAULT NULL,
  `ret_stat` int(11) DEFAULT '0',
  `fine_status` int(11) DEFAULT '0',
  `book_acc` varchar(10) NOT NULL,
  `paid` varchar(5) DEFAULT NULL,
  `maildiff` int(11) DEFAULT NULL,
  `mailsent` int(11) DEFAULT '0',
  PRIMARY KEY (`sbid`),
  KEY `sid` (`sid`)
) ENGINE=InnoDB AUTO_INCREMENT=1 DEFAULT CHARSET=latin1;

-- --------------------------------------------------------

--
-- Table structure for table `subject`
--

DROP TABLE IF EXISTS `subject`;
CREATE TABLE IF NOT EXISTS `subject` (
  `subid` int(11) NOT NULL AUTO_INCREMENT,
  `subject` varchar(100) NOT NULL,
  PRIMARY KEY (`subid`)
) ENGINE=InnoDB AUTO_INCREMENT=36 DEFAULT CHARSET=latin1;

--
-- Dumping data for table `subject`
--

INSERT INTO `subject` (`subid`, `subject`) VALUES
(1, 'Accounting'),
(2, 'Cost and Management Accounting'),
(3, 'Quantitative Techniques'),
(4, 'Operational Research'),
(5, 'Information Technology'),
(6, 'Advertisement & Sales Promotion'),
(7, 'Goods & Services Tax'),
(8, 'Business Law'),
(9, 'Business Mathematics'),
(10, 'Business Communication'),
(11, 'Business Environment'),
(12, 'Economics'),
(13, 'Organisational Behaviour'),
(14, 'International Finance'),
(15, 'International Business'),
(16, 'Management Information System'),
(17, 'Management'),
(18, 'Business Management'),
(19, 'Production & Operations Management'),
(20, 'Human Resource Management'),
(21, 'Marketing Management'),
(22, 'Strategic Management'),
(23, 'Entrepreneurship Development & Project Management'),
(24, 'Financial Management'),
(25, 'Security Analysis & Portfolio Management'),
(26, 'Financial Derivatives'),
(27, 'Financial Services'),
(28, 'Financial Markets & Operations'),
(29, 'Research Methodology'),
(30, 'Auditing'),
(31, 'Banking'),
(32, 'Insurance'),
(33, 'Business Ethics'),
(34, 'Econometrics'),
(35, 'Reference Texts'),
(36, 'Miscellaneous');

--
-- Constraints for dumped tables
--

--
-- Constraints for table `bookacc`
--
ALTER TABLE `bookacc`
  ADD CONSTRAINT `bookacc_ibfk_1` FOREIGN KEY (`bfid`) REFERENCES `books` (`bid`) ON DELETE CASCADE;

--
-- Constraints for table `books`
--
ALTER TABLE `books`
  ADD CONSTRAINT `books_ibfk_1` FOREIGN KEY (`subid`) REFERENCES `subject` (`subid`);

--
-- Constraints for table `fac_book_issue`
--
ALTER TABLE `fac_book_issue`
  ADD CONSTRAINT `fac_book_issue_ibfk_1` FOREIGN KEY (`fid`) REFERENCES `faculty` (`fid`) ON DELETE CASCADE ON UPDATE CASCADE;

--
-- Constraints for table `stud_book_issue`
--
ALTER TABLE `stud_book_issue`
  ADD CONSTRAINT `stud_book_issue_ibfk_1` FOREIGN KEY (`sid`) REFERENCES `student` (`sid`) ON DELETE CASCADE ON UPDATE CASCADE;
COMMIT;

/*!40101 SET CHARACTER_SET_CLIENT=@OLD_CHARACTER_SET_CLIENT */;
/*!40101 SET CHARACTER_SET_RESULTS=@OLD_CHARACTER_SET_RESULTS */;
/*!40101 SET COLLATION_CONNECTION=@OLD_COLLATION_CONNECTION */;
