SFA 175,5th,485
SFA 176,9th,486
SFA 177,3rd,487
SFA 178,,488
SFA 179,,488
SFA 180,,488
SFA 181,,489
SFA 182,,490
SFA 183,2nd,491
SFA 184,2nd,492
SFA 185,7th,493
SFA 186,12th,494
SFA 188,2nd,495
SFA 189,11th,496
SFA 190,10th,497
SFA 463,,498
SFA 497,11th,499
SFA 498,11th,499
SFA 499,11th,499
SFA 500,8th,500
SFA 501,8th,500
SFA 502,8th,500
SFA 503,8th,500
SFA 568,,501
SFA 569,,501
SFA 570,,501
SFA 571,,501
SFA-696,8th,502
SFA-697,11th,503
SFA-760,10th,504
SFA-761,10th,504
SFA-762,10th,504
SFA-763,10th,504
SFA-764,10th,504
SFA 187,,505