SFA-143,,360
SFA-144,,360
SFA-145,,361
SFA-146,,361
SFA-147,,362
SFA-148,,363
SFA-149,,363
SFA-150,,364
SFA-151,,365
SFA-152,,366
SFA-153,,367
SFA-154,,368
SFA-155,,369
SFA-156,,370
SFA-157,,371
SFA-159,,372
SFA-160,,373
SFA-161,,374
SFA-162,,375
SFA-163,,376
SFA-164,,377
SFA-165,,378
SFA-166,,379
SFA-167,,380
SFA-168,,381
SFA-169,,382
SFA-170,,383
SFA-171,,384
SFA-172,,385
SFA-173,,386
SFA-174,,387
SFA-227,,388
SFA-425,,388
SFA 219,,389
SFA 220,,390
SFA 221,,391
SFA 222,,392
SFA 223,,393
SFA 224,,394
SFA 225,,395
SFA 219,,396
SFA 220,,397
SFA 221,,398
SFA 222,,399
SFA 223,,400
SFA 224,,401
SFA 225,,402
SFA 226,,403
SFA 227,,404
SFA 228,,404
SFA 229,,404
SFA 230,,405
SFA 231,,406
SFA 464,,407
SFA 465,,408
SFA-712,,409
SFA-713,,409
SFA-714,,410
SFA-715,,410
SFA-716,,411
SFA-717,,411
SFA- 718,,412
SFA-719,,413
SFA-720,,414
SFA-721,,415
SFA-722,,416
SFA-723,,416
SFA-724,,417